Model,Params,Accuracy Mean,Accuracy Std,Precision Mean,Precision Std,Recall Mean,Recall Std,F1-Score Mean,F1-Score Std,Log Loss Mean,AUC Mean
RandomForest,"{'n_estimators': 50, 'max_depth': None, 'min_samples_split': 2, 'min_samples_leaf': 1, 'max_features': 'sqrt'}",0.48600000000000004,0.03120897306865448,0.48864882005900745,0.036936964179651054,0.48600000000000004,0.03120897306865448,0.4653941435639948,0.035693318261662416,1.0962041590487115,0.7862158406862745
RandomForest,"{'n_estimators': 50, 'max_depth': None, 'min_samples_split': 2, 'min_samples_leaf': 1, 'max_features': 'log2'}",0.492,0.025416530054277665,0.49613483978454687,0.04645528513266595,0.492,0.025416530054277665,0.4664484273383794,0.03805309213541231,1.095996022152843,0.794922018907563
RandomForest,"{'n_estimators': 50, 'max_depth': None, 'min_samples_split': 2, 'min_samples_leaf': 1, 'max_features': None}",0.5,0.03178049716414142,0.5049558186230999,0.04909589272390611,0.5,0.03178049716414142,0.4804766685376503,0.03890619151157459,1.2784850854350467,0.7865251264005602
RandomForest,"{'n_estimators': 50, 'max_depth': None, 'min_samples_split': 2, 'min_samples_leaf': 2, 'max_features': 'sqrt'}",0.4960000000000001,0.036796738985948214,0.49746414765585384,0.047196955644095456,0.4960000000000001,0.036796738985948214,0.4758317773740403,0.040984578952812226,1.092351092944962,0.7891205154061625
RandomForest,"{'n_estimators': 50, 'max_depth': None, 'min_samples_split': 2, 'min_samples_leaf': 2, 'max_features': 'log2'}",0.476,0.010198039027185562,0.49655014693645827,0.01884209434112231,0.476,0.010198039027185562,0.46077416221585016,0.013037506266454012,1.1094449110914915,0.7859336397058824
RandomForest,"{'n_estimators': 50, 'max_depth': None, 'min_samples_split': 2, 'min_samples_leaf': 2, 'max_features': None}",0.48,0.015811388300841896,0.47989999641024755,0.02877000887268219,0.48,0.015811388300841896,0.459130943290177,0.02061476790039616,1.1608063289327575,0.776384912464986
RandomForest,"{'n_estimators': 50, 'max_depth': None, 'min_samples_split': 5, 'min_samples_leaf': 1, 'max_features': 'sqrt'}",0.495,0.016431676725154998,0.5043268139662265,0.028944499820793942,0.495,0.016431676725154998,0.4778833430792001,0.017620065446585655,1.0919927614224165,0.7906655133053221
RandomForest,"{'n_estimators': 50, 'max_depth': None, 'min_samples_split': 5, 'min_samples_leaf': 1, 'max_features': 'log2'}",0.485,0.01923538406167134,0.5031800636256591,0.027535687872744328,0.485,0.01923538406167134,0.4687934986076779,0.01839996466972135,1.1085060761824077,0.7855778021708683
RandomForest,"{'n_estimators': 50, 'max_depth': None, 'min_samples_split': 5, 'min_samples_leaf': 1, 'max_features': None}",0.488,0.0261916017074176,0.4810031090037416,0.044811539796485375,0.488,0.0261916017074176,0.4654031344035577,0.03570221472271269,1.1920253029518837,0.7797000420168068
RandomForest,"{'n_estimators': 50, 'max_depth': None, 'min_samples_split': 5, 'min_samples_leaf': 2, 'max_features': 'sqrt'}",0.492,0.03749666651850536,0.49703972758578274,0.03978318776448541,0.492,0.03749666651850536,0.47688368742117443,0.03870394119522572,1.0924665783404441,0.7885874268207284
RandomForest,"{'n_estimators': 50, 'max_depth': None, 'min_samples_split': 5, 'min_samples_leaf': 2, 'max_features': 'log2'}",0.47800000000000004,0.012884098726725116,0.4905403853710613,0.019313688450717202,0.47800000000000004,0.012884098726725116,0.46469447570469313,0.012236416300557796,1.1199033780717427,0.7799596036414567
RandomForest,"{'n_estimators': 50, 'max_depth': None, 'min_samples_split': 5, 'min_samples_leaf': 2, 'max_features': None}",0.488,0.02400000000000002,0.48660084614673205,0.039451535614994364,0.488,0.02400000000000002,0.4688846641515904,0.0317548743809937,1.1554436863277293,0.7815167934173669
RandomForest,"{'n_estimators': 50, 'max_depth': 10, 'min_samples_split': 2, 'min_samples_leaf': 1, 'max_features': 'sqrt'}",0.485,0.011832159566199244,0.48402055131867555,0.020665478572014173,0.485,0.011832159566199244,0.45566128593706734,0.010392532403487423,1.0980383740238215,0.7901964243697479
RandomForest,"{'n_estimators': 50, 'max_depth': 10, 'min_samples_split': 2, 'min_samples_leaf': 1, 'max_features': 'log2'}",0.484,0.012806248474865688,0.5417452691334791,0.04822478196757302,0.484,0.012806248474865688,0.4526182894191139,0.009089742104247275,1.1166843643860105,0.785275412464986
RandomForest,"{'n_estimators': 50, 'max_depth': 10, 'min_samples_split': 2, 'min_samples_leaf': 1, 'max_features': None}",0.479,0.02130727575266251,0.4794700316501507,0.03312266016947831,0.479,0.02130727575266251,0.45544475083374286,0.02873005521720316,1.160259786495159,0.7803375980392155
RandomForest,"{'n_estimators': 50, 'max_depth': 10, 'min_samples_split': 2, 'min_samples_leaf': 2, 'max_features': 'sqrt'}",0.49399999999999994,0.01067707825203132,0.508488975814035,0.015327476074331344,0.49399999999999994,0.01067707825203132,0.46724736908096504,0.015492240366865171,1.1005025287220735,0.7893381729691877
RandomForest,"{'n_estimators': 50, 'max_depth': 10, 'min_samples_split': 2, 'min_samples_leaf': 2, 'max_features': 'log2'}",0.477,0.03370459909270544,0.5150051442975419,0.05192392927004507,0.477,0.03370459909270544,0.45208282075364475,0.04478508261512068,1.1306435397436116,0.77328899929972
RandomForest,"{'n_estimators': 50, 'max_depth': 10, 'min_samples_split': 2, 'min_samples_leaf': 2, 'max_features': None}",0.484,0.03006659275674583,0.48877742871078594,0.04220277392610024,0.484,0.03006659275674583,0.4578254544433419,0.03769123888315862,1.0881981998512609,0.7789596988795517
RandomForest,"{'n_estimators': 50, 'max_depth': 10, 'min_samples_split': 5, 'min_samples_leaf': 1, 'max_features': 'sqrt'}",0.47400000000000003,0.013928388277184109,0.49734181902402863,0.01980365491223167,0.47400000000000003,0.013928388277184109,0.4499285280047668,0.017367349387056245,1.1039368722624112,0.7848276393557423
RandomForest,"{'n_estimators': 50, 'max_depth': 10, 'min_samples_split': 5, 'min_samples_leaf': 1, 'max_features': 'log2'}",0.4680000000000001,0.016613247725836142,0.4931901246170297,0.022213817424564377,0.4680000000000001,0.016613247725836142,0.44072087721370623,0.02227694530278891,1.1200773234592585,0.7830142521008403
RandomForest,"{'n_estimators': 50, 'max_depth': 10, 'min_samples_split': 5, 'min_samples_leaf': 1, 'max_features': None}",0.483,0.013266499161421596,0.4870254001576978,0.01985126710316831,0.483,0.013266499161421596,0.46114818969985844,0.02098896067490346,1.086381780773251,0.7821234299719888
RandomForest,"{'n_estimators': 50, 'max_depth': 10, 'min_samples_split': 5, 'min_samples_leaf': 2, 'max_features': 'sqrt'}",0.499,0.012409673645990868,0.5190040322146122,0.023541264701434368,0.499,0.012409673645990868,0.4734248587946285,0.009814836414514362,1.0976111537429076,0.7899598151260505
RandomForest,"{'n_estimators': 50, 'max_depth': 10, 'min_samples_split': 5, 'min_samples_leaf': 2, 'max_features': 'log2'}",0.458,0.024207436873820404,0.4931247032710694,0.029754840313972058,0.458,0.024207436873820404,0.4310353228996388,0.028313234472038363,1.1326732694351616,0.7735847114845937
RandomForest,"{'n_estimators': 50, 'max_depth': 10, 'min_samples_split': 5, 'min_samples_leaf': 2, 'max_features': None}",0.491,0.017720045146669368,0.5001487281867035,0.04120820598707309,0.491,0.017720045146669368,0.4651663770237329,0.028386757891045524,1.088161560648717,0.783110474089636
RandomForest,"{'n_estimators': 50, 'max_depth': 20, 'min_samples_split': 2, 'min_samples_leaf': 1, 'max_features': 'sqrt'}",0.483,0.03414674215792775,0.4815450260205451,0.04343709489913528,0.483,0.03414674215792775,0.46516399922024243,0.036076448034584846,1.0979021270315665,0.7847943813025211
RandomForest,"{'n_estimators': 50, 'max_depth': 20, 'min_samples_split': 2, 'min_samples_leaf': 1, 'max_features': 'log2'}",0.4880000000000001,0.03472751070837068,0.4957117645437443,0.03749134479347402,0.4880000000000001,0.03472751070837068,0.47060461222022293,0.04063211628390502,1.0999610409092113,0.7932107678571428
RandomForest,"{'n_estimators': 50, 'max_depth': 20, 'min_samples_split': 2, 'min_samples_leaf': 1, 'max_features': None}",0.5,0.03065941943351181,0.5067959534871063,0.04472425585679068,0.5,0.03065941943351181,0.48210324420748146,0.03594006922843031,1.2783094531977781,0.7857463900560224
RandomForest,"{'n_estimators': 50, 'max_depth': 20, 'min_samples_split': 2, 'min_samples_leaf': 2, 'max_features': 'sqrt'}",0.49400000000000005,0.031048349392520058,0.4928379909055902,0.03883562905876841,0.49400000000000005,0.031048349392520058,0.47316304379470414,0.03467215620379091,1.0940871304850424,0.7886048795518207
RandomForest,"{'n_estimators': 50, 'max_depth': 20, 'min_samples_split': 2, 'min_samples_leaf': 2, 'max_features': 'log2'}",0.472,0.012884098726725112,0.5022397563839334,0.0386991345680323,0.472,0.012884098726725112,0.4566550183799639,0.01528727375271757,1.11078520032316,0.7842499292717087
RandomForest,"{'n_estimators': 50, 'max_depth': 20, 'min_samples_split': 2, 'min_samples_leaf': 2, 'max_features': None}",0.47800000000000004,0.015033296378372907,0.4783780884775166,0.030462181065281427,0.47800000000000004,0.015033296378372907,0.4575584297043376,0.021142120269405842,1.1607136894306667,0.7766644653361344
RandomForest,"{'n_estimators': 50, 'max_depth': 20, 'min_samples_split': 5, 'min_samples_leaf': 1, 'max_features': 'sqrt'}",0.497,0.011224972160321834,0.5004732434666304,0.017713563244460006,0.497,0.011224972160321834,0.4786832384150738,0.012613966604954983,1.0898533989326502,0.7913903245798318
RandomForest,"{'n_estimators': 50, 'max_depth': 20, 'min_samples_split': 5, 'min_samples_leaf': 1, 'max_features': 'log2'}",0.4720000000000001,0.021587033144922902,0.4874070748244752,0.02721542573987201,0.4720000000000001,0.021587033144922902,0.45281385561686927,0.017310421720046473,1.107424166434517,0.7870998757002801
RandomForest,"{'n_estimators': 50, 'max_depth': 20, 'min_samples_split': 5, 'min_samples_leaf': 1, 'max_features': None}",0.48900000000000005,0.025573423705088853,0.4827888232894558,0.04265493233046288,0.48900000000000005,0.025573423705088853,0.46668518568560896,0.03444181788851887,1.19322302243344,0.7790410343137255
RandomForest,"{'n_estimators': 50, 'max_depth': 20, 'min_samples_split': 5, 'min_samples_leaf': 2, 'max_features': 'sqrt'}",0.476,0.02782085548648711,0.47874064516593184,0.02428703579797007,0.476,0.02782085548648711,0.4598387962655157,0.026737326949200627,1.0938947533121168,0.7869665234593837
RandomForest,"{'n_estimators': 50, 'max_depth': 20, 'min_samples_split': 5, 'min_samples_leaf': 2, 'max_features': 'log2'}",0.472,0.017492855684535895,0.4827530475668772,0.025786206211932856,0.472,0.017492855684535895,0.4567012761674037,0.017616411104308536,1.1232552165748169,0.7775305948879552
RandomForest,"{'n_estimators': 50, 'max_depth': 20, 'min_samples_split': 5, 'min_samples_leaf': 2, 'max_features': None}",0.48600000000000004,0.025377155080899053,0.4841387704073454,0.04266285765408459,0.48600000000000004,0.025377155080899053,0.4670159448569436,0.03373456994288522,1.1563452033647408,0.7807458389355741
RandomForest,"{'n_estimators': 100, 'max_depth': None, 'min_samples_split': 2, 'min_samples_leaf': 1, 'max_features': 'sqrt'}",0.5130000000000001,0.021817424229271448,0.5008562671240527,0.02741057027532452,0.5130000000000001,0.021817424229271448,0.482588775495287,0.022371352483378595,1.0755660984593753,0.8053390112044816
RandomForest,"{'n_estimators': 100, 'max_depth': None, 'min_samples_split': 2, 'min_samples_leaf': 1, 'max_features': 'log2'}",0.506,0.03555277766926234,0.5106956819509314,0.04361753986359669,0.506,0.03555277766926234,0.4794816627286716,0.03966588067399864,1.0977191219323177,0.8000603953081233
RandomForest,"{'n_estimators': 100, 'max_depth': None, 'min_samples_split': 2, 'min_samples_leaf': 1, 'max_features': None}",0.502,0.02712931993250108,0.5024110249074447,0.034532706505312066,0.502,0.02712931993250108,0.47978680342828167,0.033290452465604047,1.1650862728857632,0.7967419054621849
RandomForest,"{'n_estimators': 100, 'max_depth': None, 'min_samples_split': 2, 'min_samples_leaf': 2, 'max_features': 'sqrt'}",0.502,0.0332565782966318,0.5169766271880853,0.038095608753365914,0.502,0.0332565782966318,0.47761016846869425,0.039391180630531084,1.0846656115467268,0.7988665994397758
RandomForest,"{'n_estimators': 100, 'max_depth': None, 'min_samples_split': 2, 'min_samples_leaf': 2, 'max_features': 'log2'}",0.507,0.012884098726725137,0.535972839666812,0.014968624363431392,0.507,0.012884098726725137,0.4867793982298926,0.01420208154749956,1.1008145986455395,0.8002109691876751
RandomForest,"{'n_estimators': 100, 'max_depth': None, 'min_samples_split': 2, 'min_samples_leaf': 2, 'max_features': None}",0.5,0.015811388300841913,0.5001664327311927,0.02443189198736415,0.5,0.015811388300841913,0.4772835038000186,0.018690248977499883,1.0797557544839045,0.7903949527310925
RandomForest,"{'n_estimators': 100, 'max_depth': None, 'min_samples_split': 5, 'min_samples_leaf': 1, 'max_features': 'sqrt'}",0.5000000000000001,0.024698178070456944,0.49176755251863646,0.04473891840801063,0.5000000000000001,0.024698178070456944,0.46862097770570144,0.014823884696780922,1.0895528392522769,0.7952384831932774
RandomForest,"{'n_estimators': 100, 'max_depth': None, 'min_samples_split': 5, 'min_samples_leaf': 1, 'max_features': 'log2'}",0.499,0.031208973068654486,0.5203880549421818,0.06184654358060474,0.499,0.031208973068654486,0.47594540418177234,0.04070956525445706,1.1005052436113423,0.7982343109243697
RandomForest,"{'n_estimators': 100, 'max_depth': None, 'min_samples_split': 5, 'min_samples_leaf': 1, 'max_features': None}",0.496,0.019849433241279225,0.4930743375421514,0.024189877301535535,0.496,0.019849433241279225,0.4734992222597634,0.02706832190800989,1.1111188824374223,0.7897392713585434
RandomForest,"{'n_estimators': 100, 'max_depth': None, 'min_samples_split': 5, 'min_samples_leaf': 2, 'max_features': 'sqrt'}",0.514,0.018275666882497082,0.5277083837309395,0.030887450961451183,0.514,0.018275666882497082,0.4871227890879937,0.0246693193079752,1.0795514584393384,0.8032526596638656
RandomForest,"{'n_estimators': 100, 'max_depth': None, 'min_samples_split': 5, 'min_samples_leaf': 2, 'max_features': 'log2'}",0.491,0.02477902338672774,0.5045650743195641,0.03471342724042732,0.491,0.02477902338672774,0.4694978979250197,0.028782070366827617,1.1067056701132547,0.7963045448179271
RandomForest,"{'n_estimators': 100, 'max_depth': None, 'min_samples_split': 5, 'min_samples_leaf': 2, 'max_features': None}",0.506,0.01933907960581373,0.5065312034626233,0.023093883353241175,0.506,0.01933907960581373,0.4836602658120441,0.027647667147959385,1.0748947811440868,0.7935663130252102
RandomForest,"{'n_estimators': 100, 'max_depth': 10, 'min_samples_split': 2, 'min_samples_leaf': 1, 'max_features': 'sqrt'}",0.5120000000000001,0.026570660511172867,0.5415616727720163,0.04138796186584985,0.5120000000000001,0.026570660511172867,0.47767187165436625,0.0300690376123792,1.0833842484621947,0.8037654138655462
RandomForest,"{'n_estimators': 100, 'max_depth': 10, 'min_samples_split': 2, 'min_samples_leaf': 1, 'max_features': 'log2'}",0.485,0.01483239697419134,0.5201024118143046,0.03578700106381784,0.485,0.01483239697419134,0.44541556786798947,0.015602163481454644,1.114969010867365,0.7932327261904761
RandomForest,"{'n_estimators': 100, 'max_depth': 10, 'min_samples_split': 2, 'min_samples_leaf': 1, 'max_features': None}",0.51,0.017029386365926415,0.5074658613629677,0.017673811206555035,0.51,0.017029386365926415,0.4828196965268926,0.023984468696301452,1.0822552352368933,0.7891700175070028
RandomForest,"{'n_estimators': 100, 'max_depth': 10, 'min_samples_split': 2, 'min_samples_leaf': 2, 'max_features': 'sqrt'}",0.495,0.017606816861659026,0.49663244344407087,0.02694564715175779,0.495,0.017606816861659026,0.46040702226718466,0.020485173379299542,1.0927872625153987,0.7984852142857142
RandomForest,"{'n_estimators': 100, 'max_depth': 10, 'min_samples_split': 2, 'min_samples_leaf': 2, 'max_features': 'log2'}",0.497,0.024617067250182364,0.5547766947669629,0.037305625467389046,0.497,0.024617067250182364,0.46228505785421375,0.034459519137931265,1.1189715314365638,0.7908198389355743
RandomForest,"{'n_estimators': 100, 'max_depth': 10, 'min_samples_split': 2, 'min_samples_leaf': 2, 'max_features': None}",0.505,0.020493901531919215,0.510997078345313,0.028591648003334576,0.505,0.020493901531919215,0.47865077974435993,0.030626238317964533,1.0750031860568743,0.7908636729691876
RandomForest,"{'n_estimators': 100, 'max_depth': 10, 'min_samples_split': 5, 'min_samples_leaf': 1, 'max_features': 'sqrt'}",0.491,0.018275666882497064,0.48158263382817895,0.030711999346117465,0.491,0.018275666882497064,0.4516236882704644,0.019079226552592067,1.0937461287490335,0.7973549019607843
RandomForest,"{'n_estimators': 100, 'max_depth': 10, 'min_samples_split': 5, 'min_samples_leaf': 1, 'max_features': 'log2'}",0.47800000000000004,0.02249444375840398,0.5115675375998048,0.04205090128220825,0.47800000000000004,0.02249444375840398,0.44089960886111274,0.035351451778246785,1.1164592968367915,0.7927196092436974
RandomForest,"{'n_estimators': 100, 'max_depth': 10, 'min_samples_split': 5, 'min_samples_leaf': 1, 'max_features': None}",0.509,0.012409673645990868,0.5106326461004013,0.018058351285144738,0.509,0.012409673645990868,0.48292586081415945,0.018668831142803335,1.0725543331352838,0.791655361344538
RandomForest,"{'n_estimators': 100, 'max_depth': 10, 'min_samples_split': 5, 'min_samples_leaf': 2, 'max_features': 'sqrt'}",0.502,0.015033296378372923,0.5303612406388988,0.026811810531370443,0.502,0.015033296378372923,0.47083539874676933,0.015527674659990725,1.091755402225693,0.7997582836134454
RandomForest,"{'n_estimators': 100, 'max_depth': 10, 'min_samples_split': 5, 'min_samples_leaf': 2, 'max_features': 'log2'}",0.472,0.022494443758403978,0.5432438647902165,0.04305164896852386,0.472,0.022494443758403978,0.44026985287455156,0.027929366006243662,1.1213463715878509,0.7921191694677872
RandomForest,"{'n_estimators': 100, 'max_depth': 10, 'min_samples_split': 5, 'min_samples_leaf': 2, 'max_features': None}",0.5050000000000001,0.020736441353327736,0.5051853031857012,0.03166336324936256,0.5050000000000001,0.020736441353327736,0.4786526149793538,0.030774742659145166,1.0729733577857228,0.7929959383753502
RandomForest,"{'n_estimators': 100, 'max_depth': 20, 'min_samples_split': 2, 'min_samples_leaf': 1, 'max_features': 'sqrt'}",0.51,0.017029386365926418,0.5080316833774118,0.027287393529377237,0.51,0.017029386365926418,0.48096171806358246,0.018203583535172266,1.0773812334609223,0.8042730969887956
RandomForest,"{'n_estimators': 100, 'max_depth': 20, 'min_samples_split': 2, 'min_samples_leaf': 1, 'max_features': 'log2'}",0.512,0.03140063693621515,0.5132956662862007,0.04182456005193799,0.512,0.03140063693621515,0.4857231327848698,0.04162536496793126,1.096738385439923,0.8003377237394957
RandomForest,"{'n_estimators': 100, 'max_depth': 20, 'min_samples_split': 2, 'min_samples_leaf': 1, 'max_features': None}",0.502,0.027676705006196102,0.5068868207524627,0.035202311602961646,0.502,0.027676705006196102,0.481276283444231,0.0329506925359922,1.1649759342308748,0.7964153550420168
RandomForest,"{'n_estimators': 100, 'max_depth': 20, 'min_samples_split': 2, 'min_samples_leaf': 2, 'max_features': 'sqrt'}",0.495,0.034205262752974155,0.5042465920849402,0.0391455757179207,0.495,0.034205262752974155,0.4708577256865394,0.037872158010421764,1.0846481962983645,0.799927150210084
RandomForest,"{'n_estimators': 100, 'max_depth': 20, 'min_samples_split': 2, 'min_samples_leaf': 2, 'max_features': 'log2'}",0.495,0.014142135623730963,0.5230838129630325,0.027592249939776416,0.495,0.014142135623730963,0.4720613459968656,0.011728892453842411,1.1023736655821883,0.7981625094537815
RandomForest,"{'n_estimators': 100, 'max_depth': 20, 'min_samples_split': 2, 'min_samples_leaf': 2, 'max_features': None}",0.497,0.020880613017821098,0.4992047652231729,0.0292840423028609,0.497,0.020880613017821098,0.47474263694267094,0.0232529064993637,1.079672382035628,0.7904731081932773
RandomForest,"{'n_estimators': 100, 'max_depth': 20, 'min_samples_split': 5, 'min_samples_leaf': 1, 'max_features': 'sqrt'}",0.49799999999999994,0.028213471959331774,0.5112730497275677,0.0427440424659539,0.49799999999999994,0.028213471959331774,0.4701683164422413,0.02040924091313621,1.0882257283187196,0.796853918417367
RandomForest,"{'n_estimators': 100, 'max_depth': 20, 'min_samples_split': 5, 'min_samples_leaf': 1, 'max_features': 'log2'}",0.49399999999999994,0.027820855486487123,0.5116758923609155,0.04762509354926976,0.49399999999999994,0.027820855486487123,0.46819279164022587,0.034119435095252636,1.0988184475756435,0.8005485028011202
RandomForest,"{'n_estimators': 100, 'max_depth': 20, 'min_samples_split': 5, 'min_samples_leaf': 1, 'max_features': None}",0.496,0.019849433241279225,0.4927636529926394,0.026005094530335393,0.496,0.019849433241279225,0.4741562046159452,0.027037667006262027,1.1115097897139377,0.7894960430672269
RandomForest,"{'n_estimators': 100, 'max_depth': 20, 'min_samples_split': 5, 'min_samples_leaf': 2, 'max_features': 'sqrt'}",0.513,0.032341923257592484,0.530715817386372,0.04809966845327927,0.513,0.032341923257592484,0.486244546009177,0.03858726246071633,1.0798138284582421,0.8031920105042017
RandomForest,"{'n_estimators': 100, 'max_depth': 20, 'min_samples_split': 5, 'min_samples_leaf': 2, 'max_features': 'log2'}",0.48900000000000005,0.028000000000000008,0.5110804142208372,0.033786887032671804,0.48900000000000005,0.028000000000000008,0.46661573945019424,0.030481140021785424,1.1074467606167833,0.7960449005602241
RandomForest,"{'n_estimators': 100, 'max_depth': 20, 'min_samples_split': 5, 'min_samples_leaf': 2, 'max_features': None}",0.505,0.020000000000000018,0.5042145350018231,0.023636333918247678,0.505,0.020000000000000018,0.48302322085757404,0.02800333039085575,1.0754418805941186,0.7930103109243698
RandomForest,"{'n_estimators': 200, 'max_depth': None, 'min_samples_split': 2, 'min_samples_leaf': 1, 'max_features': 'sqrt'}",0.513,0.018055470085267804,0.5184190550092178,0.021375487408800204,0.513,0.018055470085267804,0.47940018309061794,0.020609867312781204,1.0775766077158608,0.806252118347339
RandomForest,"{'n_estimators': 200, 'max_depth': None, 'min_samples_split': 2, 'min_samples_leaf': 1, 'max_features': 'log2'}",0.525,0.014491376746189452,0.5550185031156449,0.025322545906036577,0.525,0.014491376746189452,0.49721957861025234,0.019821965414921986,1.0909105104389882,0.8140994324229693
RandomForest,"{'n_estimators': 200, 'max_depth': None, 'min_samples_split': 2, 'min_samples_leaf': 1, 'max_features': None}",0.508,0.02400000000000002,0.5094685347563577,0.03909744582343825,0.508,0.02400000000000002,0.4850645227907965,0.032571168295930736,1.065012200519464,0.8007327801120449
RandomForest,"{'n_estimators': 200, 'max_depth': None, 'min_samples_split': 2, 'min_samples_leaf': 2, 'max_features': 'sqrt'}",0.511,0.04317406628984579,0.5217935987986995,0.05244313358316454,0.511,0.04317406628984579,0.4796874141728815,0.05049421278460056,1.0800182365925977,0.8077305031512605
RandomForest,"{'n_estimators': 200, 'max_depth': None, 'min_samples_split': 2, 'min_samples_leaf': 2, 'max_features': 'log2'}",0.518,0.012083045973594582,0.5536026277081421,0.016423777588305228,0.518,0.012083045973594582,0.49150941493249556,0.01757897589897965,1.0976983595093128,0.8108370791316526
RandomForest,"{'n_estimators': 200, 'max_depth': None, 'min_samples_split': 2, 'min_samples_leaf': 2, 'max_features': None}",0.5050000000000001,0.023664319132398484,0.5080663598688672,0.04101636767296265,0.5050000000000001,0.023664319132398484,0.48394749128779635,0.02958742215838278,1.067502113165171,0.7965390591736694
RandomForest,"{'n_estimators': 200, 'max_depth': None, 'min_samples_split': 5, 'min_samples_leaf': 1, 'max_features': 'sqrt'}",0.5090000000000001,0.0243721152139079,0.5027232828064757,0.052560023142098206,0.5090000000000001,0.0243721152139079,0.47768219855717975,0.0251141416617308,1.0835007769782077,0.8043984404761906
RandomForest,"{'n_estimators': 200, 'max_depth': None, 'min_samples_split': 5, 'min_samples_leaf': 1, 'max_features': 'log2'}",0.5110000000000001,0.033376638536557285,0.551237943936415,0.04911840950442489,0.5110000000000001,0.033376638536557285,0.4872907145167361,0.04104932815352538,1.0938593209861989,0.8138995686274508
RandomForest,"{'n_estimators': 200, 'max_depth': None, 'min_samples_split': 5, 'min_samples_leaf': 1, 'max_features': None}",0.5050000000000001,0.029664793948382662,0.5133842478406455,0.043509799683455135,0.5050000000000001,0.029664793948382662,0.4834806461677458,0.03484000981267855,1.0665052284603826,0.7963555777310926
RandomForest,"{'n_estimators': 200, 'max_depth': None, 'min_samples_split': 5, 'min_samples_leaf': 2, 'max_features': 'sqrt'}",0.522,0.04106093033529561,0.5239311315134934,0.07893361539001507,0.522,0.04106093033529561,0.4886602080040731,0.04641386355312757,1.074376831434202,0.8136113123249299
RandomForest,"{'n_estimators': 200, 'max_depth': None, 'min_samples_split': 5, 'min_samples_leaf': 2, 'max_features': 'log2'}",0.507,0.023366642891095864,0.5311575467973606,0.02211766418637848,0.507,0.023366642891095864,0.4804263046405957,0.029619417161760645,1.1044179304949857,0.8046287303921569
RandomForest,"{'n_estimators': 200, 'max_depth': None, 'min_samples_split': 5, 'min_samples_leaf': 2, 'max_features': None}",0.512,0.024207436873820428,0.5204364399804724,0.042723237841058234,0.512,0.024207436873820428,0.4895440767045878,0.03112632685495083,1.0654824574225639,0.7994509341736695
RandomForest,"{'n_estimators': 200, 'max_depth': 10, 'min_samples_split': 2, 'min_samples_leaf': 1, 'max_features': 'sqrt'}",0.508,0.02400000000000002,0.5658126883100596,0.04868754748909982,0.508,0.02400000000000002,0.46855247041828213,0.037407870469243286,1.0850402021028074,0.8076289257703081
RandomForest,"{'n_estimators': 200, 'max_depth': 10, 'min_samples_split': 2, 'min_samples_leaf': 1, 'max_features': 'log2'}",0.5,0.015491933384829681,0.5646038112208265,0.04309655130068203,0.5,0.015491933384829681,0.4616541210785788,0.023657202040191685,1.1124854470172696,0.8022951141456582
RandomForest,"{'n_estimators': 200, 'max_depth': 10, 'min_samples_split': 2, 'min_samples_leaf': 1, 'max_features': None}",0.5130000000000001,0.01326649916142161,0.5156334050114756,0.02724113367104612,0.5130000000000001,0.01326649916142161,0.48443303294032647,0.02187254081510865,1.0719475655566197,0.7938738998599439
RandomForest,"{'n_estimators': 200, 'max_depth': 10, 'min_samples_split': 2, 'min_samples_leaf': 2, 'max_features': 'sqrt'}",0.506,0.01743559577416271,0.5489056402519915,0.041409167334105206,0.506,0.01743559577416271,0.4626768995339302,0.023648087350342597,1.089879344943249,0.8068602780112044
RandomForest,"{'n_estimators': 200, 'max_depth': 10, 'min_samples_split': 2, 'min_samples_leaf': 2, 'max_features': 'log2'}",0.506,0.018814887722226795,0.5727846285980961,0.029053063663290565,0.506,0.018814887722226795,0.47047806618630783,0.02929831477004969,1.1160187015788776,0.8031798900560225
RandomForest,"{'n_estimators': 200, 'max_depth': 10, 'min_samples_split': 2, 'min_samples_leaf': 2, 'max_features': None}",0.513,0.022271057451320107,0.5098914038361304,0.0360539497490472,0.513,0.022271057451320107,0.48288209283081696,0.033668579526324335,1.0663461382306632,0.7980769964985995
RandomForest,"{'n_estimators': 200, 'max_depth': 10, 'min_samples_split': 5, 'min_samples_leaf': 1, 'max_features': 'sqrt'}",0.509,0.021307275752662537,0.5269376849296024,0.05930734038342739,0.509,0.021307275752662537,0.46796701166764426,0.029772617857610227,1.0880084072958418,0.8048600168067226
RandomForest,"{'n_estimators': 200, 'max_depth': 10, 'min_samples_split': 5, 'min_samples_leaf': 1, 'max_features': 'log2'}",0.501,0.030066592756745846,0.5461771153070476,0.052571167259732994,0.501,0.030066592756745846,0.4599096156495489,0.03694671323959765,1.1153425412516615,0.8028757345938375
RandomForest,"{'n_estimators': 200, 'max_depth': 10, 'min_samples_split': 5, 'min_samples_leaf': 1, 'max_features': None}",0.519,0.021540659228538036,0.5310349726838455,0.03228022133107583,0.519,0.021540659228538036,0.4912983073942046,0.031237729845737215,1.0638605426304686,0.7982541379551821
RandomForest,"{'n_estimators': 200, 'max_depth': 10, 'min_samples_split': 5, 'min_samples_leaf': 2, 'max_features': 'sqrt'}",0.506,0.02672077843177478,0.5274805085153598,0.023348318290787998,0.506,0.02672077843177478,0.46648718988975996,0.030223710133075354,1.0885587374094652,0.8063416078431374
RandomForest,"{'n_estimators': 200, 'max_depth': 10, 'min_samples_split': 5, 'min_samples_leaf': 2, 'max_features': 'log2'}",0.477,0.01860107523773827,0.5505011766255311,0.04580947281456963,0.477,0.01860107523773827,0.43330698847991467,0.02612987989837608,1.11856595870896,0.8013783620448178
RandomForest,"{'n_estimators': 200, 'max_depth': 10, 'min_samples_split': 5, 'min_samples_leaf': 2, 'max_features': None}",0.5129999999999999,0.02039607805437116,0.516522382765458,0.0360608717066549,0.5129999999999999,0.02039607805437116,0.48418299971794526,0.03129495285932499,1.0657656920516356,0.7986281778711485
RandomForest,"{'n_estimators': 200, 'max_depth': 20, 'min_samples_split': 2, 'min_samples_leaf': 1, 'max_features': 'sqrt'}",0.514,0.01933907960581373,0.5247302016765522,0.014812633171321601,0.514,0.01933907960581373,0.4827883157397851,0.022281978356337658,1.079469634899765,0.8041822727591036
RandomForest,"{'n_estimators': 200, 'max_depth': 20, 'min_samples_split': 2, 'min_samples_leaf': 1, 'max_features': 'log2'}",0.524,0.014282856857085711,0.5449446558539909,0.019550309750626875,0.524,0.014282856857085711,0.49667471558784076,0.02364150852196371,1.0918868506788866,0.8128686568627451
RandomForest,"{'n_estimators': 200, 'max_depth': 20, 'min_samples_split': 2, 'min_samples_leaf': 1, 'max_features': None}",0.506,0.0267207784317748,0.5061924724268434,0.043575668622045975,0.506,0.0267207784317748,0.4823896858787952,0.03640417820417229,1.0646229546995514,0.8006162020308123
RandomForest,"{'n_estimators': 200, 'max_depth': 20, 'min_samples_split': 2, 'min_samples_leaf': 2, 'max_features': 'sqrt'}",0.51,0.04301162633521313,0.5193839792945931,0.05120446905537069,0.51,0.04301162633521313,0.4801732475285629,0.05205574051737321,1.0814161498894794,0.8074965059523809
RandomForest,"{'n_estimators': 200, 'max_depth': 20, 'min_samples_split': 2, 'min_samples_leaf': 2, 'max_features': 'log2'}",0.511,0.006633249580710806,0.5497296175399464,0.033929661712318544,0.511,0.006633249580710806,0.48421245068237295,0.017147473674369338,1.0987847656644796,0.8084578424369748
RandomForest,"{'n_estimators': 200, 'max_depth': 20, 'min_samples_split': 2, 'min_samples_leaf': 2, 'max_features': None}",0.506,0.0239582971014219,0.5088234225525967,0.04064235831905822,0.506,0.0239582971014219,0.4850579793932247,0.0293706643220334,1.067475947762665,0.7966407160364145
RandomForest,"{'n_estimators': 200, 'max_depth': 20, 'min_samples_split': 5, 'min_samples_leaf': 1, 'max_features': 'sqrt'}",0.521,0.018547236990991426,0.5362524227090519,0.026221106462679295,0.521,0.018547236990991426,0.4917309698236044,0.01831110560504232,1.0824437938913711,0.8056621211484594
RandomForest,"{'n_estimators': 200, 'max_depth': 20, 'min_samples_split': 5, 'min_samples_leaf': 1, 'max_features': 'log2'}",0.511,0.023323807579381222,0.5363104685159418,0.02621710737161405,0.511,0.023323807579381222,0.48161748445488967,0.028434897967894723,1.093565657312897,0.815600057422969
RandomForest,"{'n_estimators': 200, 'max_depth': 20, 'min_samples_split': 5, 'min_samples_leaf': 1, 'max_features': None}",0.503,0.027856776554368246,0.5083350917918684,0.03962590473643629,0.503,0.027856776554368246,0.4816398296015924,0.03304226873252383,1.0665994891047879,0.7964703501400561
RandomForest,"{'n_estimators': 200, 'max_depth': 20, 'min_samples_split': 5, 'min_samples_leaf': 2, 'max_features': 'sqrt'}",0.514,0.029051678092667888,0.5251857530448218,0.03895646056473807,0.514,0.029051678092667888,0.4833629161196399,0.032881226763808724,1.0745926260645866,0.8142595483193278
RandomForest,"{'n_estimators': 200, 'max_depth': 20, 'min_samples_split': 5, 'min_samples_leaf': 2, 'max_features': 'log2'}",0.5,0.01341640786499875,0.5280513697391829,0.013746850401078536,0.5,0.01341640786499875,0.47169521885441545,0.02257758202756828,1.1038622181535722,0.8057104985994398
RandomForest,"{'n_estimators': 200, 'max_depth': 20, 'min_samples_split': 5, 'min_samples_leaf': 2, 'max_features': None}",0.51,0.02664582518894848,0.5183862134802006,0.0454765269986683,0.51,0.02664582518894848,0.48755358351524036,0.033723445000916834,1.0657078142101892,0.799121705882353
SVM,"{'kernel': 'linear', 'C': 0.1, 'gamma': 'scale', 'degree': 3, 'coef0': 0}",0.587,0.016309506430300106,0.7894817639066243,0.014586693225022571,0.587,0.016309506430300106,0.5579579216429764,0.020108048925738236,0.7866960516582927,0.9009343417366947
SVM,"{'kernel': 'linear', 'C': 0.1, 'gamma': 'scale', 'degree': 3, 'coef0': 0.1}",0.587,0.016309506430300106,0.7894817639066243,0.014586693225022571,0.587,0.016309506430300106,0.5579579216429764,0.020108048925738236,0.7866960516582927,0.9009343417366947
SVM,"{'kernel': 'linear', 'C': 0.1, 'gamma': 'scale', 'degree': 3, 'coef0': 1}",0.587,0.016309506430300106,0.7894817639066243,0.014586693225022571,0.587,0.016309506430300106,0.5579579216429764,0.020108048925738236,0.7866960516582927,0.9009343417366947
SVM,"{'kernel': 'linear', 'C': 0.1, 'gamma': 'scale', 'degree': 4, 'coef0': 0}",0.587,0.016309506430300106,0.7894817639066243,0.014586693225022571,0.587,0.016309506430300106,0.5579579216429764,0.020108048925738236,0.7866960516582927,0.9009343417366947
SVM,"{'kernel': 'linear', 'C': 0.1, 'gamma': 'scale', 'degree': 4, 'coef0': 0.1}",0.587,0.016309506430300106,0.7894817639066243,0.014586693225022571,0.587,0.016309506430300106,0.5579579216429764,0.020108048925738236,0.7866960516582927,0.9009343417366947
SVM,"{'kernel': 'linear', 'C': 0.1, 'gamma': 'scale', 'degree': 4, 'coef0': 1}",0.587,0.016309506430300106,0.7894817639066243,0.014586693225022571,0.587,0.016309506430300106,0.5579579216429764,0.020108048925738236,0.7866960516582927,0.9009343417366947
SVM,"{'kernel': 'linear', 'C': 0.1, 'gamma': 'scale', 'degree': 5, 'coef0': 0}",0.587,0.016309506430300106,0.7894817639066243,0.014586693225022571,0.587,0.016309506430300106,0.5579579216429764,0.020108048925738236,0.7866960516582927,0.9009343417366947
SVM,"{'kernel': 'linear', 'C': 0.1, 'gamma': 'scale', 'degree': 5, 'coef0': 0.1}",0.587,0.016309506430300106,0.7894817639066243,0.014586693225022571,0.587,0.016309506430300106,0.5579579216429764,0.020108048925738236,0.7866960516582927,0.9009343417366947
SVM,"{'kernel': 'linear', 'C': 0.1, 'gamma': 'scale', 'degree': 5, 'coef0': 1}",0.587,0.016309506430300106,0.7894817639066243,0.014586693225022571,0.587,0.016309506430300106,0.5579579216429764,0.020108048925738236,0.7866960516582927,0.9009343417366947
SVM,"{'kernel': 'linear', 'C': 0.1, 'gamma': 'auto', 'degree': 3, 'coef0': 0}",0.587,0.016309506430300106,0.7894817639066243,0.014586693225022571,0.587,0.016309506430300106,0.5579579216429764,0.020108048925738236,0.7866960516582927,0.9009343417366947
SVM,"{'kernel': 'linear', 'C': 0.1, 'gamma': 'auto', 'degree': 3, 'coef0': 0.1}",0.587,0.016309506430300106,0.7894817639066243,0.014586693225022571,0.587,0.016309506430300106,0.5579579216429764,0.020108048925738236,0.7866960516582927,0.9009343417366947
SVM,"{'kernel': 'linear', 'C': 0.1, 'gamma': 'auto', 'degree': 3, 'coef0': 1}",0.587,0.016309506430300106,0.7894817639066243,0.014586693225022571,0.587,0.016309506430300106,0.5579579216429764,0.020108048925738236,0.7866960516582927,0.9009343417366947
SVM,"{'kernel': 'linear', 'C': 0.1, 'gamma': 'auto', 'degree': 4, 'coef0': 0}",0.587,0.016309506430300106,0.7894817639066243,0.014586693225022571,0.587,0.016309506430300106,0.5579579216429764,0.020108048925738236,0.7866960516582927,0.9009343417366947
SVM,"{'kernel': 'linear', 'C': 0.1, 'gamma': 'auto', 'degree': 4, 'coef0': 0.1}",0.587,0.016309506430300106,0.7894817639066243,0.014586693225022571,0.587,0.016309506430300106,0.5579579216429764,0.020108048925738236,0.7866960516582927,0.9009343417366947
SVM,"{'kernel': 'linear', 'C': 0.1, 'gamma': 'auto', 'degree': 4, 'coef0': 1}",0.587,0.016309506430300106,0.7894817639066243,0.014586693225022571,0.587,0.016309506430300106,0.5579579216429764,0.020108048925738236,0.7866960516582927,0.9009343417366947
SVM,"{'kernel': 'linear', 'C': 0.1, 'gamma': 'auto', 'degree': 5, 'coef0': 0}",0.587,0.016309506430300106,0.7894817639066243,0.014586693225022571,0.587,0.016309506430300106,0.5579579216429764,0.020108048925738236,0.7866960516582927,0.9009343417366947
SVM,"{'kernel': 'linear', 'C': 0.1, 'gamma': 'auto', 'degree': 5, 'coef0': 0.1}",0.587,0.016309506430300106,0.7894817639066243,0.014586693225022571,0.587,0.016309506430300106,0.5579579216429764,0.020108048925738236,0.7866960516582927,0.9009343417366947
SVM,"{'kernel': 'linear', 'C': 0.1, 'gamma': 'auto', 'degree': 5, 'coef0': 1}",0.587,0.016309506430300106,0.7894817639066243,0.014586693225022571,0.587,0.016309506430300106,0.5579579216429764,0.020108048925738236,0.7866960516582927,0.9009343417366947
SVM,"{'kernel': 'linear', 'C': 1, 'gamma': 'scale', 'degree': 3, 'coef0': 0}",0.698,0.035721142198983494,0.7249202475284,0.026519941389963317,0.698,0.035721142198983494,0.6994114780602896,0.03590293064754,0.6803844748473238,0.922793400560224
SVM,"{'kernel': 'linear', 'C': 1, 'gamma': 'scale', 'degree': 3, 'coef0': 0.1}",0.698,0.035721142198983494,0.7249202475284,0.026519941389963317,0.698,0.035721142198983494,0.6994114780602896,0.03590293064754,0.6803844748473238,0.922793400560224
SVM,"{'kernel': 'linear', 'C': 1, 'gamma': 'scale', 'degree': 3, 'coef0': 1}",0.698,0.035721142198983494,0.7249202475284,0.026519941389963317,0.698,0.035721142198983494,0.6994114780602896,0.03590293064754,0.6803844748473238,0.922793400560224
SVM,"{'kernel': 'linear', 'C': 1, 'gamma': 'scale', 'degree': 4, 'coef0': 0}",0.698,0.035721142198983494,0.7249202475284,0.026519941389963317,0.698,0.035721142198983494,0.6994114780602896,0.03590293064754,0.6803844748473238,0.922793400560224
SVM,"{'kernel': 'linear', 'C': 1, 'gamma': 'scale', 'degree': 4, 'coef0': 0.1}",0.698,0.035721142198983494,0.7249202475284,0.026519941389963317,0.698,0.035721142198983494,0.6994114780602896,0.03590293064754,0.6803844748473238,0.922793400560224
SVM,"{'kernel': 'linear', 'C': 1, 'gamma': 'scale', 'degree': 4, 'coef0': 1}",0.698,0.035721142198983494,0.7249202475284,0.026519941389963317,0.698,0.035721142198983494,0.6994114780602896,0.03590293064754,0.6803844748473238,0.922793400560224
SVM,"{'kernel': 'linear', 'C': 1, 'gamma': 'scale', 'degree': 5, 'coef0': 0}",0.698,0.035721142198983494,0.7249202475284,0.026519941389963317,0.698,0.035721142198983494,0.6994114780602896,0.03590293064754,0.6803844748473238,0.922793400560224
SVM,"{'kernel': 'linear', 'C': 1, 'gamma': 'scale', 'degree': 5, 'coef0': 0.1}",0.698,0.035721142198983494,0.7249202475284,0.026519941389963317,0.698,0.035721142198983494,0.6994114780602896,0.03590293064754,0.6803844748473238,0.922793400560224
SVM,"{'kernel': 'linear', 'C': 1, 'gamma': 'scale', 'degree': 5, 'coef0': 1}",0.698,0.035721142198983494,0.7249202475284,0.026519941389963317,0.698,0.035721142198983494,0.6994114780602896,0.03590293064754,0.6803844748473238,0.922793400560224
SVM,"{'kernel': 'linear', 'C': 1, 'gamma': 'auto', 'degree': 3, 'coef0': 0}",0.698,0.035721142198983494,0.7249202475284,0.026519941389963317,0.698,0.035721142198983494,0.6994114780602896,0.03590293064754,0.6803844748473238,0.922793400560224
SVM,"{'kernel': 'linear', 'C': 1, 'gamma': 'auto', 'degree': 3, 'coef0': 0.1}",0.698,0.035721142198983494,0.7249202475284,0.026519941389963317,0.698,0.035721142198983494,0.6994114780602896,0.03590293064754,0.6803844748473238,0.922793400560224
SVM,"{'kernel': 'linear', 'C': 1, 'gamma': 'auto', 'degree': 3, 'coef0': 1}",0.698,0.035721142198983494,0.7249202475284,0.026519941389963317,0.698,0.035721142198983494,0.6994114780602896,0.03590293064754,0.6803844748473238,0.922793400560224
SVM,"{'kernel': 'linear', 'C': 1, 'gamma': 'auto', 'degree': 4, 'coef0': 0}",0.698,0.035721142198983494,0.7249202475284,0.026519941389963317,0.698,0.035721142198983494,0.6994114780602896,0.03590293064754,0.6803844748473238,0.922793400560224
SVM,"{'kernel': 'linear', 'C': 1, 'gamma': 'auto', 'degree': 4, 'coef0': 0.1}",0.698,0.035721142198983494,0.7249202475284,0.026519941389963317,0.698,0.035721142198983494,0.6994114780602896,0.03590293064754,0.6803844748473238,0.922793400560224
SVM,"{'kernel': 'linear', 'C': 1, 'gamma': 'auto', 'degree': 4, 'coef0': 1}",0.698,0.035721142198983494,0.7249202475284,0.026519941389963317,0.698,0.035721142198983494,0.6994114780602896,0.03590293064754,0.6803844748473238,0.922793400560224
SVM,"{'kernel': 'linear', 'C': 1, 'gamma': 'auto', 'degree': 5, 'coef0': 0}",0.698,0.035721142198983494,0.7249202475284,0.026519941389963317,0.698,0.035721142198983494,0.6994114780602896,0.03590293064754,0.6803844748473238,0.922793400560224
SVM,"{'kernel': 'linear', 'C': 1, 'gamma': 'auto', 'degree': 5, 'coef0': 0.1}",0.698,0.035721142198983494,0.7249202475284,0.026519941389963317,0.698,0.035721142198983494,0.6994114780602896,0.03590293064754,0.6803844748473238,0.922793400560224
SVM,"{'kernel': 'linear', 'C': 1, 'gamma': 'auto', 'degree': 5, 'coef0': 1}",0.698,0.035721142198983494,0.7249202475284,0.026519941389963317,0.698,0.035721142198983494,0.6994114780602896,0.03590293064754,0.6803844748473238,0.922793400560224
SVM,"{'kernel': 'linear', 'C': 10, 'gamma': 'scale', 'degree': 3, 'coef0': 0}",0.6540000000000001,0.024779023386727755,0.6668182765643185,0.0272210339183055,0.6540000000000001,0.024779023386727755,0.6557178993033925,0.025587313554696487,0.8066364522434171,0.895163518907563
SVM,"{'kernel': 'linear', 'C': 10, 'gamma': 'scale', 'degree': 3, 'coef0': 0.1}",0.6540000000000001,0.024779023386727755,0.6668182765643185,0.0272210339183055,0.6540000000000001,0.024779023386727755,0.6557178993033925,0.025587313554696487,0.8066364522434171,0.895163518907563
SVM,"{'kernel': 'linear', 'C': 10, 'gamma': 'scale', 'degree': 3, 'coef0': 1}",0.6540000000000001,0.024779023386727755,0.6668182765643185,0.0272210339183055,0.6540000000000001,0.024779023386727755,0.6557178993033925,0.025587313554696487,0.8066364522434171,0.895163518907563
SVM,"{'kernel': 'linear', 'C': 10, 'gamma': 'scale', 'degree': 4, 'coef0': 0}",0.6540000000000001,0.024779023386727755,0.6668182765643185,0.0272210339183055,0.6540000000000001,0.024779023386727755,0.6557178993033925,0.025587313554696487,0.8066364522434171,0.895163518907563
SVM,"{'kernel': 'linear', 'C': 10, 'gamma': 'scale', 'degree': 4, 'coef0': 0.1}",0.6540000000000001,0.024779023386727755,0.6668182765643185,0.0272210339183055,0.6540000000000001,0.024779023386727755,0.6557178993033925,0.025587313554696487,0.8066364522434171,0.895163518907563
SVM,"{'kernel': 'linear', 'C': 10, 'gamma': 'scale', 'degree': 4, 'coef0': 1}",0.6540000000000001,0.024779023386727755,0.6668182765643185,0.0272210339183055,0.6540000000000001,0.024779023386727755,0.6557178993033925,0.025587313554696487,0.8066364522434171,0.895163518907563
SVM,"{'kernel': 'linear', 'C': 10, 'gamma': 'scale', 'degree': 5, 'coef0': 0}",0.6540000000000001,0.024779023386727755,0.6668182765643185,0.0272210339183055,0.6540000000000001,0.024779023386727755,0.6557178993033925,0.025587313554696487,0.8066364522434171,0.895163518907563
SVM,"{'kernel': 'linear', 'C': 10, 'gamma': 'scale', 'degree': 5, 'coef0': 0.1}",0.6540000000000001,0.024779023386727755,0.6668182765643185,0.0272210339183055,0.6540000000000001,0.024779023386727755,0.6557178993033925,0.025587313554696487,0.8066364522434171,0.895163518907563
SVM,"{'kernel': 'linear', 'C': 10, 'gamma': 'scale', 'degree': 5, 'coef0': 1}",0.6540000000000001,0.024779023386727755,0.6668182765643185,0.0272210339183055,0.6540000000000001,0.024779023386727755,0.6557178993033925,0.025587313554696487,0.8066364522434171,0.895163518907563
SVM,"{'kernel': 'linear', 'C': 10, 'gamma': 'auto', 'degree': 3, 'coef0': 0}",0.6540000000000001,0.024779023386727755,0.6668182765643185,0.0272210339183055,0.6540000000000001,0.024779023386727755,0.6557178993033925,0.025587313554696487,0.8066364522434171,0.895163518907563
SVM,"{'kernel': 'linear', 'C': 10, 'gamma': 'auto', 'degree': 3, 'coef0': 0.1}",0.6540000000000001,0.024779023386727755,0.6668182765643185,0.0272210339183055,0.6540000000000001,0.024779023386727755,0.6557178993033925,0.025587313554696487,0.8066364522434171,0.895163518907563
SVM,"{'kernel': 'linear', 'C': 10, 'gamma': 'auto', 'degree': 3, 'coef0': 1}",0.6540000000000001,0.024779023386727755,0.6668182765643185,0.0272210339183055,0.6540000000000001,0.024779023386727755,0.6557178993033925,0.025587313554696487,0.8066364522434171,0.895163518907563
SVM,"{'kernel': 'linear', 'C': 10, 'gamma': 'auto', 'degree': 4, 'coef0': 0}",0.6540000000000001,0.024779023386727755,0.6668182765643185,0.0272210339183055,0.6540000000000001,0.024779023386727755,0.6557178993033925,0.025587313554696487,0.8066364522434171,0.895163518907563
SVM,"{'kernel': 'linear', 'C': 10, 'gamma': 'auto', 'degree': 4, 'coef0': 0.1}",0.6540000000000001,0.024779023386727755,0.6668182765643185,0.0272210339183055,0.6540000000000001,0.024779023386727755,0.6557178993033925,0.025587313554696487,0.8066364522434171,0.895163518907563
SVM,"{'kernel': 'linear', 'C': 10, 'gamma': 'auto', 'degree': 4, 'coef0': 1}",0.6540000000000001,0.024779023386727755,0.6668182765643185,0.0272210339183055,0.6540000000000001,0.024779023386727755,0.6557178993033925,0.025587313554696487,0.8066364522434171,0.895163518907563
SVM,"{'kernel': 'linear', 'C': 10, 'gamma': 'auto', 'degree': 5, 'coef0': 0}",0.6540000000000001,0.024779023386727755,0.6668182765643185,0.0272210339183055,0.6540000000000001,0.024779023386727755,0.6557178993033925,0.025587313554696487,0.8066364522434171,0.895163518907563
SVM,"{'kernel': 'linear', 'C': 10, 'gamma': 'auto', 'degree': 5, 'coef0': 0.1}",0.6540000000000001,0.024779023386727755,0.6668182765643185,0.0272210339183055,0.6540000000000001,0.024779023386727755,0.6557178993033925,0.025587313554696487,0.8066364522434171,0.895163518907563
SVM,"{'kernel': 'linear', 'C': 10, 'gamma': 'auto', 'degree': 5, 'coef0': 1}",0.6540000000000001,0.024779023386727755,0.6668182765643185,0.0272210339183055,0.6540000000000001,0.024779023386727755,0.6557178993033925,0.025587313554696487,0.8066364522434171,0.895163518907563
SVM,"{'kernel': 'rbf', 'C': 0.1, 'gamma': 'scale', 'degree': 3, 'coef0': 0}",0.4,0.0,0.2,0.0,0.4,0.0,0.25,0.0,0.9374090065438454,0.855668925070028
SVM,"{'kernel': 'rbf', 'C': 0.1, 'gamma': 'scale', 'degree': 3, 'coef0': 0.1}",0.4,0.0,0.2,0.0,0.4,0.0,0.25,0.0,0.9374090065438454,0.855668925070028
SVM,"{'kernel': 'rbf', 'C': 0.1, 'gamma': 'scale', 'degree': 3, 'coef0': 1}",0.4,0.0,0.2,0.0,0.4,0.0,0.25,0.0,0.9374090065438454,0.855668925070028
SVM,"{'kernel': 'rbf', 'C': 0.1, 'gamma': 'scale', 'degree': 4, 'coef0': 0}",0.4,0.0,0.2,0.0,0.4,0.0,0.25,0.0,0.9374090065438454,0.855668925070028
SVM,"{'kernel': 'rbf', 'C': 0.1, 'gamma': 'scale', 'degree': 4, 'coef0': 0.1}",0.4,0.0,0.2,0.0,0.4,0.0,0.25,0.0,0.9374090065438454,0.855668925070028
SVM,"{'kernel': 'rbf', 'C': 0.1, 'gamma': 'scale', 'degree': 4, 'coef0': 1}",0.4,0.0,0.2,0.0,0.4,0.0,0.25,0.0,0.9374090065438454,0.855668925070028
SVM,"{'kernel': 'rbf', 'C': 0.1, 'gamma': 'scale', 'degree': 5, 'coef0': 0}",0.4,0.0,0.2,0.0,0.4,0.0,0.25,0.0,0.9374090065438454,0.855668925070028
SVM,"{'kernel': 'rbf', 'C': 0.1, 'gamma': 'scale', 'degree': 5, 'coef0': 0.1}",0.4,0.0,0.2,0.0,0.4,0.0,0.25,0.0,0.9374090065438454,0.855668925070028
SVM,"{'kernel': 'rbf', 'C': 0.1, 'gamma': 'scale', 'degree': 5, 'coef0': 1}",0.4,0.0,0.2,0.0,0.4,0.0,0.25,0.0,0.9374090065438454,0.855668925070028
SVM,"{'kernel': 'rbf', 'C': 0.1, 'gamma': 'auto', 'degree': 3, 'coef0': 0}",0.374,0.008602325267042634,0.19720069355742983,0.0009116653164857924,0.374,0.008602325267042634,0.23161518194652092,0.006471836301144261,0.8482380873822739,0.8891155231092437
SVM,"{'kernel': 'rbf', 'C': 0.1, 'gamma': 'auto', 'degree': 3, 'coef0': 0.1}",0.374,0.008602325267042634,0.19720069355742983,0.0009116653164857924,0.374,0.008602325267042634,0.23161518194652092,0.006471836301144261,0.8482380873822739,0.8891155231092437
SVM,"{'kernel': 'rbf', 'C': 0.1, 'gamma': 'auto', 'degree': 3, 'coef0': 1}",0.374,0.008602325267042634,0.19720069355742983,0.0009116653164857924,0.374,0.008602325267042634,0.23161518194652092,0.006471836301144261,0.8482380873822739,0.8891155231092437
SVM,"{'kernel': 'rbf', 'C': 0.1, 'gamma': 'auto', 'degree': 4, 'coef0': 0}",0.374,0.008602325267042634,0.19720069355742983,0.0009116653164857924,0.374,0.008602325267042634,0.23161518194652092,0.006471836301144261,0.8482380873822739,0.8891155231092437
SVM,"{'kernel': 'rbf', 'C': 0.1, 'gamma': 'auto', 'degree': 4, 'coef0': 0.1}",0.374,0.008602325267042634,0.19720069355742983,0.0009116653164857924,0.374,0.008602325267042634,0.23161518194652092,0.006471836301144261,0.8482380873822739,0.8891155231092437
SVM,"{'kernel': 'rbf', 'C': 0.1, 'gamma': 'auto', 'degree': 4, 'coef0': 1}",0.374,0.008602325267042634,0.19720069355742983,0.0009116653164857924,0.374,0.008602325267042634,0.23161518194652092,0.006471836301144261,0.8482380873822739,0.8891155231092437
SVM,"{'kernel': 'rbf', 'C': 0.1, 'gamma': 'auto', 'degree': 5, 'coef0': 0}",0.374,0.008602325267042634,0.19720069355742983,0.0009116653164857924,0.374,0.008602325267042634,0.23161518194652092,0.006471836301144261,0.8482380873822739,0.8891155231092437
SVM,"{'kernel': 'rbf', 'C': 0.1, 'gamma': 'auto', 'degree': 5, 'coef0': 0.1}",0.374,0.008602325267042634,0.19720069355742983,0.0009116653164857924,0.374,0.008602325267042634,0.23161518194652092,0.006471836301144261,0.8482380873822739,0.8891155231092437
SVM,"{'kernel': 'rbf', 'C': 0.1, 'gamma': 'auto', 'degree': 5, 'coef0': 1}",0.374,0.008602325267042634,0.19720069355742983,0.0009116653164857924,0.374,0.008602325267042634,0.23161518194652092,0.006471836301144261,0.8482380873822739,0.8891155231092437
SVM,"{'kernel': 'rbf', 'C': 1, 'gamma': 'scale', 'degree': 3, 'coef0': 0}",0.483,0.0198997487421324,0.6392795733791405,0.11687350398619205,0.483,0.0198997487421324,0.40459605429082063,0.026054464409188113,0.9269150745160571,0.858592768907563
SVM,"{'kernel': 'rbf', 'C': 1, 'gamma': 'scale', 'degree': 3, 'coef0': 0.1}",0.483,0.0198997487421324,0.6392795733791405,0.11687350398619205,0.483,0.0198997487421324,0.40459605429082063,0.026054464409188113,0.9269150745160571,0.858592768907563
SVM,"{'kernel': 'rbf', 'C': 1, 'gamma': 'scale', 'degree': 3, 'coef0': 1}",0.483,0.0198997487421324,0.6392795733791405,0.11687350398619205,0.483,0.0198997487421324,0.40459605429082063,0.026054464409188113,0.9269150745160571,0.858592768907563
SVM,"{'kernel': 'rbf', 'C': 1, 'gamma': 'scale', 'degree': 4, 'coef0': 0}",0.483,0.0198997487421324,0.6392795733791405,0.11687350398619205,0.483,0.0198997487421324,0.40459605429082063,0.026054464409188113,0.9269150745160571,0.858592768907563
SVM,"{'kernel': 'rbf', 'C': 1, 'gamma': 'scale', 'degree': 4, 'coef0': 0.1}",0.483,0.0198997487421324,0.6392795733791405,0.11687350398619205,0.483,0.0198997487421324,0.40459605429082063,0.026054464409188113,0.9269150745160571,0.858592768907563
SVM,"{'kernel': 'rbf', 'C': 1, 'gamma': 'scale', 'degree': 4, 'coef0': 1}",0.483,0.0198997487421324,0.6392795733791405,0.11687350398619205,0.483,0.0198997487421324,0.40459605429082063,0.026054464409188113,0.9269150745160571,0.858592768907563
SVM,"{'kernel': 'rbf', 'C': 1, 'gamma': 'scale', 'degree': 5, 'coef0': 0}",0.483,0.0198997487421324,0.6392795733791405,0.11687350398619205,0.483,0.0198997487421324,0.40459605429082063,0.026054464409188113,0.9269150745160571,0.858592768907563
SVM,"{'kernel': 'rbf', 'C': 1, 'gamma': 'scale', 'degree': 5, 'coef0': 0.1}",0.483,0.0198997487421324,0.6392795733791405,0.11687350398619205,0.483,0.0198997487421324,0.40459605429082063,0.026054464409188113,0.9269150745160571,0.858592768907563
SVM,"{'kernel': 'rbf', 'C': 1, 'gamma': 'scale', 'degree': 5, 'coef0': 1}",0.483,0.0198997487421324,0.6392795733791405,0.11687350398619205,0.483,0.0198997487421324,0.40459605429082063,0.026054464409188113,0.9269150745160571,0.858592768907563
SVM,"{'kernel': 'rbf', 'C': 1, 'gamma': 'auto', 'degree': 3, 'coef0': 0}",0.4,0.0,0.2,0.0,0.4,0.0,0.25,0.0,0.8438254763648828,0.8894975504201682
SVM,"{'kernel': 'rbf', 'C': 1, 'gamma': 'auto', 'degree': 3, 'coef0': 0.1}",0.4,0.0,0.2,0.0,0.4,0.0,0.25,0.0,0.8438254763648828,0.8894975504201682
SVM,"{'kernel': 'rbf', 'C': 1, 'gamma': 'auto', 'degree': 3, 'coef0': 1}",0.4,0.0,0.2,0.0,0.4,0.0,0.25,0.0,0.8438254763648828,0.8894975504201682
SVM,"{'kernel': 'rbf', 'C': 1, 'gamma': 'auto', 'degree': 4, 'coef0': 0}",0.4,0.0,0.2,0.0,0.4,0.0,0.25,0.0,0.8438254763648828,0.8894975504201682
SVM,"{'kernel': 'rbf', 'C': 1, 'gamma': 'auto', 'degree': 4, 'coef0': 0.1}",0.4,0.0,0.2,0.0,0.4,0.0,0.25,0.0,0.8438254763648828,0.8894975504201682
SVM,"{'kernel': 'rbf', 'C': 1, 'gamma': 'auto', 'degree': 4, 'coef0': 1}",0.4,0.0,0.2,0.0,0.4,0.0,0.25,0.0,0.8438254763648828,0.8894975504201682
SVM,"{'kernel': 'rbf', 'C': 1, 'gamma': 'auto', 'degree': 5, 'coef0': 0}",0.4,0.0,0.2,0.0,0.4,0.0,0.25,0.0,0.8438254763648828,0.8894975504201682
SVM,"{'kernel': 'rbf', 'C': 1, 'gamma': 'auto', 'degree': 5, 'coef0': 0.1}",0.4,0.0,0.2,0.0,0.4,0.0,0.25,0.0,0.8438254763648828,0.8894975504201682
SVM,"{'kernel': 'rbf', 'C': 1, 'gamma': 'auto', 'degree': 5, 'coef0': 1}",0.4,0.0,0.2,0.0,0.4,0.0,0.25,0.0,0.8438254763648828,0.8894975504201682
SVM,"{'kernel': 'rbf', 'C': 10, 'gamma': 'scale', 'degree': 3, 'coef0': 0}",0.656,0.02709243436828812,0.6803717326776428,0.01975876979219563,0.656,0.02709243436828812,0.657602936525031,0.025789363810129983,0.7443038989086308,0.9064342661064426
SVM,"{'kernel': 'rbf', 'C': 10, 'gamma': 'scale', 'degree': 3, 'coef0': 0.1}",0.656,0.02709243436828812,0.6803717326776428,0.01975876979219563,0.656,0.02709243436828812,0.657602936525031,0.025789363810129983,0.7443038989086308,0.9064342661064426
SVM,"{'kernel': 'rbf', 'C': 10, 'gamma': 'scale', 'degree': 3, 'coef0': 1}",0.656,0.02709243436828812,0.6803717326776428,0.01975876979219563,0.656,0.02709243436828812,0.657602936525031,0.025789363810129983,0.7443038989086308,0.9064342661064426
SVM,"{'kernel': 'rbf', 'C': 10, 'gamma': 'scale', 'degree': 4, 'coef0': 0}",0.656,0.02709243436828812,0.6803717326776428,0.01975876979219563,0.656,0.02709243436828812,0.657602936525031,0.025789363810129983,0.7443038989086308,0.9064342661064426
SVM,"{'kernel': 'rbf', 'C': 10, 'gamma': 'scale', 'degree': 4, 'coef0': 0.1}",0.656,0.02709243436828812,0.6803717326776428,0.01975876979219563,0.656,0.02709243436828812,0.657602936525031,0.025789363810129983,0.7443038989086308,0.9064342661064426
SVM,"{'kernel': 'rbf', 'C': 10, 'gamma': 'scale', 'degree': 4, 'coef0': 1}",0.656,0.02709243436828812,0.6803717326776428,0.01975876979219563,0.656,0.02709243436828812,0.657602936525031,0.025789363810129983,0.7443038989086308,0.9064342661064426
SVM,"{'kernel': 'rbf', 'C': 10, 'gamma': 'scale', 'degree': 5, 'coef0': 0}",0.656,0.02709243436828812,0.6803717326776428,0.01975876979219563,0.656,0.02709243436828812,0.657602936525031,0.025789363810129983,0.7443038989086308,0.9064342661064426
SVM,"{'kernel': 'rbf', 'C': 10, 'gamma': 'scale', 'degree': 5, 'coef0': 0.1}",0.656,0.02709243436828812,0.6803717326776428,0.01975876979219563,0.656,0.02709243436828812,0.657602936525031,0.025789363810129983,0.7443038989086308,0.9064342661064426
SVM,"{'kernel': 'rbf', 'C': 10, 'gamma': 'scale', 'degree': 5, 'coef0': 1}",0.656,0.02709243436828812,0.6803717326776428,0.01975876979219563,0.656,0.02709243436828812,0.657602936525031,0.025789363810129983,0.7443038989086308,0.9064342661064426
SVM,"{'kernel': 'rbf', 'C': 10, 'gamma': 'auto', 'degree': 3, 'coef0': 0}",0.497,0.015684387141358135,0.7123985499595256,0.10947843377015913,0.497,0.015684387141358135,0.42079351220553046,0.030576464268897468,0.835473800758147,0.891120300420168
SVM,"{'kernel': 'rbf', 'C': 10, 'gamma': 'auto', 'degree': 3, 'coef0': 0.1}",0.497,0.015684387141358135,0.7123985499595256,0.10947843377015913,0.497,0.015684387141358135,0.42079351220553046,0.030576464268897468,0.835473800758147,0.891120300420168
SVM,"{'kernel': 'rbf', 'C': 10, 'gamma': 'auto', 'degree': 3, 'coef0': 1}",0.497,0.015684387141358135,0.7123985499595256,0.10947843377015913,0.497,0.015684387141358135,0.42079351220553046,0.030576464268897468,0.835473800758147,0.891120300420168
SVM,"{'kernel': 'rbf', 'C': 10, 'gamma': 'auto', 'degree': 4, 'coef0': 0}",0.497,0.015684387141358135,0.7123985499595256,0.10947843377015913,0.497,0.015684387141358135,0.42079351220553046,0.030576464268897468,0.835473800758147,0.891120300420168
SVM,"{'kernel': 'rbf', 'C': 10, 'gamma': 'auto', 'degree': 4, 'coef0': 0.1}",0.497,0.015684387141358135,0.7123985499595256,0.10947843377015913,0.497,0.015684387141358135,0.42079351220553046,0.030576464268897468,0.835473800758147,0.891120300420168
SVM,"{'kernel': 'rbf', 'C': 10, 'gamma': 'auto', 'degree': 4, 'coef0': 1}",0.497,0.015684387141358135,0.7123985499595256,0.10947843377015913,0.497,0.015684387141358135,0.42079351220553046,0.030576464268897468,0.835473800758147,0.891120300420168
SVM,"{'kernel': 'rbf', 'C': 10, 'gamma': 'auto', 'degree': 5, 'coef0': 0}",0.497,0.015684387141358135,0.7123985499595256,0.10947843377015913,0.497,0.015684387141358135,0.42079351220553046,0.030576464268897468,0.835473800758147,0.891120300420168
SVM,"{'kernel': 'rbf', 'C': 10, 'gamma': 'auto', 'degree': 5, 'coef0': 0.1}",0.497,0.015684387141358135,0.7123985499595256,0.10947843377015913,0.497,0.015684387141358135,0.42079351220553046,0.030576464268897468,0.835473800758147,0.891120300420168
SVM,"{'kernel': 'rbf', 'C': 10, 'gamma': 'auto', 'degree': 5, 'coef0': 1}",0.497,0.015684387141358135,0.7123985499595256,0.10947843377015913,0.497,0.015684387141358135,0.42079351220553046,0.030576464268897468,0.835473800758147,0.891120300420168
SVM,"{'kernel': 'poly', 'C': 0.1, 'gamma': 'scale', 'degree': 3, 'coef0': 0}",0.546,0.016552945357246825,0.6997744261535483,0.026639269526637574,0.546,0.016552945357246825,0.5197579337598734,0.01862968017681239,1.0177746964892218,0.8551615385154061
SVM,"{'kernel': 'poly', 'C': 0.1, 'gamma': 'scale', 'degree': 3, 'coef0': 0.1}",0.5609999999999999,0.01984943324127917,0.7231287013688629,0.034755138067668195,0.5609999999999999,0.01984943324127917,0.5387336368710921,0.021251021368104053,0.9850691651913117,0.8584538508403361
SVM,"{'kernel': 'poly', 'C': 0.1, 'gamma': 'scale', 'degree': 3, 'coef0': 1}",0.605,0.017606816861659026,0.73515541024202,0.0336599970588454,0.605,0.017606816861659026,0.59388672938305,0.019257651776362735,0.8731355001938587,0.877766261204482
SVM,"{'kernel': 'poly', 'C': 0.1, 'gamma': 'scale', 'degree': 4, 'coef0': 0}",0.5349999999999999,0.013784048752090234,0.6388848690282484,0.01995666732722049,0.5349999999999999,0.013784048752090234,0.5194487187692436,0.012902049978858148,1.0743314237527426,0.8448521407563027
SVM,"{'kernel': 'poly', 'C': 0.1, 'gamma': 'scale', 'degree': 4, 'coef0': 0.1}",0.5609999999999999,0.011575836902790182,0.6577196454562471,0.025240355539144013,0.5609999999999999,0.011575836902790182,0.5449651558784258,0.012554208943470101,1.0351434419489203,0.8518619320728291
SVM,"{'kernel': 'poly', 'C': 0.1, 'gamma': 'scale', 'degree': 4, 'coef0': 1}",0.609,0.019339079605813735,0.6895846427738651,0.02369178940225022,0.609,0.019339079605813735,0.6042647116775074,0.023526049214317144,0.8569989717672912,0.8834425483193277
SVM,"{'kernel': 'poly', 'C': 0.1, 'gamma': 'scale', 'degree': 5, 'coef0': 0}",0.548,0.022715633383201067,0.6375450642137174,0.02533383697985301,0.548,0.022715633383201067,0.5399773079291597,0.023254947955418527,1.124276197505619,0.842889231092437
SVM,"{'kernel': 'poly', 'C': 0.1, 'gamma': 'scale', 'degree': 5, 'coef0': 0.1}",0.565,0.021213203435596392,0.6530162982809843,0.031522615983565205,0.565,0.021213203435596392,0.5564132339431336,0.02423719099789134,1.0903264529722176,0.8491693606442577
SVM,"{'kernel': 'poly', 'C': 0.1, 'gamma': 'scale', 'degree': 5, 'coef0': 1}",0.606,0.03136877428271627,0.6740527440080037,0.027474121091201006,0.606,0.03136877428271627,0.6043243302533222,0.0362530034762398,0.8860690567393956,0.8788515322128851
SVM,"{'kernel': 'poly', 'C': 0.1, 'gamma': 'auto', 'degree': 3, 'coef0': 0}",0.3,0.0,0.09,0.0,0.3,0.0,0.13846153846153847,0.0,1.2889923528691898,0.7573986694677871
SVM,"{'kernel': 'poly', 'C': 0.1, 'gamma': 'auto', 'degree': 3, 'coef0': 0.1}",0.3,0.0,0.09,0.0,0.3,0.0,0.13846153846153847,0.0,1.122983169698782,0.8020746449579832
SVM,"{'kernel': 'poly', 'C': 0.1, 'gamma': 'auto', 'degree': 3, 'coef0': 1}",0.4,0.0,0.2,0.0,0.4,0.0,0.25,0.0,0.8953338951255146,0.8801685616246498
SVM,"{'kernel': 'poly', 'C': 0.1, 'gamma': 'auto', 'degree': 4, 'coef0': 0}",0.3,0.0,0.09,0.0,0.3,0.0,0.13846153846153847,0.0,1.3859394251855466,0.7240432107843138
SVM,"{'kernel': 'poly', 'C': 0.1, 'gamma': 'auto', 'degree': 4, 'coef0': 0.1}",0.3,0.0,0.09,0.0,0.3,0.0,0.13846153846153847,0.0,1.2064828034990065,0.7639361162464986
SVM,"{'kernel': 'poly', 'C': 0.1, 'gamma': 'auto', 'degree': 4, 'coef0': 1}",0.4,0.0,0.2,0.0,0.4,0.0,0.25,0.0,0.9312163092012,0.8725586092436975
SVM,"{'kernel': 'poly', 'C': 0.1, 'gamma': 'auto', 'degree': 5, 'coef0': 0}",0.3,0.0,0.09,0.0,0.3,0.0,0.13846153846153847,0.0,1.4333104663576635,0.6912989922969188
SVM,"{'kernel': 'poly', 'C': 0.1, 'gamma': 'auto', 'degree': 5, 'coef0': 0.1}",0.3,0.0,0.09,0.0,0.3,0.0,0.13846153846153847,0.0,1.2862100420062377,0.7275092633053221
SVM,"{'kernel': 'poly', 'C': 0.1, 'gamma': 'auto', 'degree': 5, 'coef0': 1}",0.4,0.0,0.2,0.0,0.4,0.0,0.25,0.0,0.9622057014946064,0.8661647969187675
SVM,"{'kernel': 'poly', 'C': 1, 'gamma': 'scale', 'degree': 3, 'coef0': 0}",0.615,0.019493588689617945,0.685735729957994,0.024079121478667323,0.615,0.019493588689617945,0.6088964086143287,0.023299671421563372,0.9055400473289164,0.8827722289915967
SVM,"{'kernel': 'poly', 'C': 1, 'gamma': 'scale', 'degree': 3, 'coef0': 0.1}",0.626,0.022449944320643667,0.704632722353076,0.02899620603153161,0.626,0.022449944320643667,0.6233248754839775,0.025162426454705743,0.8675842792333748,0.8868311309523811
SVM,"{'kernel': 'poly', 'C': 1, 'gamma': 'scale', 'degree': 3, 'coef0': 1}",0.646,0.024576411454889036,0.699497978278193,0.013571661992034096,0.646,0.024576411454889036,0.6481847446705646,0.02657322318823799,0.7973994002774167,0.9015439635854342
SVM,"{'kernel': 'poly', 'C': 1, 'gamma': 'scale', 'degree': 4, 'coef0': 0}",0.592,0.02181742422927141,0.6443119275013458,0.018713165165585688,0.592,0.02181742422927141,0.5832053425729045,0.02777374623799386,1.0183672466348608,0.8653120672268907
SVM,"{'kernel': 'poly', 'C': 1, 'gamma': 'scale', 'degree': 4, 'coef0': 0.1}",0.606,0.026907248094147445,0.6664229982629827,0.02662656612291791,0.606,0.026907248094147445,0.6008691026053736,0.03259586409816968,0.9669598790039169,0.871014200280112
SVM,"{'kernel': 'poly', 'C': 1, 'gamma': 'scale', 'degree': 4, 'coef0': 1}",0.627,0.025806975801127903,0.6667437729768351,0.02031130597371363,0.627,0.025806975801127903,0.6280860640317127,0.027799357645998897,0.8624785858576927,0.8879401491596639
SVM,"{'kernel': 'poly', 'C': 1, 'gamma': 'scale', 'degree': 5, 'coef0': 0}",0.5670000000000001,0.029427877939124297,0.6137101687129863,0.025977163080198627,0.5670000000000001,0.029427877939124297,0.5587037260177007,0.033923871914513536,1.135999151419557,0.8417531351540617
SVM,"{'kernel': 'poly', 'C': 1, 'gamma': 'scale', 'degree': 5, 'coef0': 0.1}",0.575,0.031304951684997036,0.6220473959428542,0.024876186868449043,0.575,0.031304951684997036,0.5658609865419694,0.03714728868639684,1.0992560573951036,0.8481614978991597
SVM,"{'kernel': 'poly', 'C': 1, 'gamma': 'scale', 'degree': 5, 'coef0': 1}",0.621,0.027276363393971735,0.6489847352768269,0.026332930367685452,0.621,0.027276363393971735,0.6231113081883162,0.028517315669431113,0.9231662750241849,0.8753425917366947
SVM,"{'kernel': 'poly', 'C': 1, 'gamma': 'auto', 'degree': 3, 'coef0': 0}",0.3,0.0,0.09,0.0,0.3,0.0,0.13846153846153847,0.0,1.239331820849481,0.7970785973389356
SVM,"{'kernel': 'poly', 'C': 1, 'gamma': 'auto', 'degree': 3, 'coef0': 0.1}",0.3,0.0,0.09,0.0,0.3,0.0,0.13846153846153847,0.0,1.0842087645296599,0.8265216407563025
SVM,"{'kernel': 'poly', 'C': 1, 'gamma': 'auto', 'degree': 3, 'coef0': 1}",0.4,0.0,0.2,0.0,0.4,0.0,0.25,0.0,0.8942013345250835,0.8799518935574231
SVM,"{'kernel': 'poly', 'C': 1, 'gamma': 'auto', 'degree': 4, 'coef0': 0}",0.3,0.0,0.09,0.0,0.3,0.0,0.13846153846153847,0.0,1.3279095227681874,0.7598982016806721
SVM,"{'kernel': 'poly', 'C': 1, 'gamma': 'auto', 'degree': 4, 'coef0': 0.1}",0.3,0.0,0.09,0.0,0.3,0.0,0.13846153846153847,0.0,1.1705952544687563,0.797734381652661
SVM,"{'kernel': 'poly', 'C': 1, 'gamma': 'auto', 'degree': 4, 'coef0': 1}",0.403,0.0024494897427831805,0.3503351955307263,0.12274817314393914,0.403,0.0024494897427831805,0.2562589219788334,0.005110388396010849,0.9277371771525885,0.873315768907563
SVM,"{'kernel': 'poly', 'C': 1, 'gamma': 'auto', 'degree': 5, 'coef0': 0}",0.3,0.0,0.09,0.0,0.3,0.0,0.13846153846153847,0.0,1.3880979075600035,0.7236237857142858
SVM,"{'kernel': 'poly', 'C': 1, 'gamma': 'auto', 'degree': 5, 'coef0': 0.1}",0.3,0.0,0.09,0.0,0.3,0.0,0.13846153846153847,0.0,1.2415734268748717,0.7719035630252101
SVM,"{'kernel': 'poly', 'C': 1, 'gamma': 'auto', 'degree': 5, 'coef0': 1}",0.434,0.01067707825203132,0.5635554560382146,0.12872629599304064,0.434,0.01067707825203132,0.31859350124034336,0.02016948969986187,0.9557259174718915,0.866895836834734
SVM,"{'kernel': 'poly', 'C': 10, 'gamma': 'scale', 'degree': 3, 'coef0': 0}",0.618,0.024413111231467426,0.6631720423253583,0.014324966663815135,0.618,0.024413111231467426,0.6174642079301397,0.02677950603019298,0.9091702631819091,0.88202156232493
SVM,"{'kernel': 'poly', 'C': 10, 'gamma': 'scale', 'degree': 3, 'coef0': 0.1}",0.616,0.02956349099818899,0.6560357712317616,0.019067960663577552,0.616,0.02956349099818899,0.6168943280795296,0.03101850464453791,0.8874066075986573,0.8841918704481792
SVM,"{'kernel': 'poly', 'C': 10, 'gamma': 'scale', 'degree': 3, 'coef0': 1}",0.6370000000000001,0.01029563014098701,0.6545681542328864,0.002257466925233472,0.6370000000000001,0.01029563014098701,0.638488150995135,0.009274896389253093,0.8393288655154908,0.8904457415966386
SVM,"{'kernel': 'poly', 'C': 10, 'gamma': 'scale', 'degree': 4, 'coef0': 0}",0.5940000000000001,0.021307275752662492,0.6341758812952671,0.022820655398702504,0.5940000000000001,0.021307275752662492,0.5909028451439877,0.023999263931008534,1.0449427571295327,0.8534697549019608
SVM,"{'kernel': 'poly', 'C': 10, 'gamma': 'scale', 'degree': 4, 'coef0': 0.1}",0.591,0.024576411454889008,0.6272408935625375,0.026166215529277986,0.591,0.024576411454889008,0.5915511890234868,0.026507020572608373,0.9852332399064728,0.8635456659663865
SVM,"{'kernel': 'poly', 'C': 10, 'gamma': 'scale', 'degree': 4, 'coef0': 1}",0.617,0.008717797887081356,0.6286284091682244,0.00647517463873908,0.617,0.008717797887081356,0.6181355960941319,0.009341324542095684,0.902692636634208,0.8732517478991596
SVM,"{'kernel': 'poly', 'C': 10, 'gamma': 'scale', 'degree': 5, 'coef0': 0}",0.5599999999999999,0.026645825188948438,0.5845116102370651,0.033865573701326604,0.5599999999999999,0.026645825188948438,0.5506206210725778,0.02822802795754972,1.1736137419509807,0.8218888907563026
SVM,"{'kernel': 'poly', 'C': 10, 'gamma': 'scale', 'degree': 5, 'coef0': 0.1}",0.582,0.025019992006393595,0.626013663347662,0.03220259666412571,0.582,0.025019992006393595,0.5816499690582752,0.028160191721126677,1.1007780653974464,0.8356656015406163
SVM,"{'kernel': 'poly', 'C': 10, 'gamma': 'scale', 'degree': 5, 'coef0': 1}",0.595,0.026076809620810618,0.6054832562025737,0.023415208127824823,0.595,0.026076809620810618,0.5959259797796185,0.027001507496458736,0.9478660542506475,0.8623413753501401
SVM,"{'kernel': 'poly', 'C': 10, 'gamma': 'auto', 'degree': 3, 'coef0': 0}",0.3,0.0,0.09,0.0,0.3,0.0,0.13846153846153847,0.0,1.221892252445037,0.8021151911764706
SVM,"{'kernel': 'poly', 'C': 10, 'gamma': 'auto', 'degree': 3, 'coef0': 0.1}",0.4,0.0,0.2,0.0,0.4,0.0,0.25,0.0,1.0436247697533951,0.8433719551820728
SVM,"{'kernel': 'poly', 'C': 10, 'gamma': 'auto', 'degree': 3, 'coef0': 1}",0.629,0.011575836902790236,0.7575670179102004,0.015819137045546244,0.629,0.011575836902790236,0.6173879547807435,0.015491256751954473,0.7869662836865565,0.9000216589635854
SVM,"{'kernel': 'poly', 'C': 10, 'gamma': 'auto', 'degree': 4, 'coef0': 0}",0.3,0.0,0.09,0.0,0.3,0.0,0.13846153846153847,0.0,1.3198823723560857,0.7723411281512605
SVM,"{'kernel': 'poly', 'C': 10, 'gamma': 'auto', 'degree': 4, 'coef0': 0.1}",0.3,0.0,0.09,0.0,0.3,0.0,0.13846153846153847,0.0,1.1391416338490221,0.812597238095238
SVM,"{'kernel': 'poly', 'C': 10, 'gamma': 'auto', 'degree': 4, 'coef0': 1}",0.634,0.008602325267042635,0.7302475216776125,0.01849382019770602,0.634,0.008602325267042635,0.6290758281911522,0.008917093230341339,0.7666476856089475,0.9045603046218489
SVM,"{'kernel': 'poly', 'C': 10, 'gamma': 'auto', 'degree': 5, 'coef0': 0}",0.3,0.0,0.09,0.0,0.3,0.0,0.13846153846153847,0.0,1.3717537978748013,0.7476037016806724
SVM,"{'kernel': 'poly', 'C': 10, 'gamma': 'auto', 'degree': 5, 'coef0': 0.1}",0.3,0.0,0.09,0.0,0.3,0.0,0.13846153846153847,0.0,1.2377340094435867,0.7793644740896359
SVM,"{'kernel': 'poly', 'C': 10, 'gamma': 'auto', 'degree': 5, 'coef0': 1}",0.6460000000000001,0.01685229954635273,0.7375464564078668,0.012680740416110439,0.6460000000000001,0.01685229954635273,0.6417185183816498,0.0171494008061295,0.7559534800429798,0.9068667696078432
SVM,"{'kernel': 'sigmoid', 'C': 0.1, 'gamma': 'scale', 'degree': 3, 'coef0': 0}",0.4,0.0,0.2,0.0,0.4,0.0,0.25,0.0,1.2264066256332846,0.6625424215686274
SVM,"{'kernel': 'sigmoid', 'C': 0.1, 'gamma': 'scale', 'degree': 3, 'coef0': 0.1}",0.4,0.0,0.2,0.0,0.4,0.0,0.25,0.0,1.2262752305672837,0.6625436484593837
SVM,"{'kernel': 'sigmoid', 'C': 0.1, 'gamma': 'scale', 'degree': 3, 'coef0': 1}",0.4,0.0,0.2,0.0,0.4,0.0,0.25,0.0,1.2233100193373485,0.6662909880952381
SVM,"{'kernel': 'sigmoid', 'C': 0.1, 'gamma': 'scale', 'degree': 4, 'coef0': 0}",0.4,0.0,0.2,0.0,0.4,0.0,0.25,0.0,1.2264066256332846,0.6625424215686274
SVM,"{'kernel': 'sigmoid', 'C': 0.1, 'gamma': 'scale', 'degree': 4, 'coef0': 0.1}",0.4,0.0,0.2,0.0,0.4,0.0,0.25,0.0,1.2262752305672837,0.6625436484593837
SVM,"{'kernel': 'sigmoid', 'C': 0.1, 'gamma': 'scale', 'degree': 4, 'coef0': 1}",0.4,0.0,0.2,0.0,0.4,0.0,0.25,0.0,1.2233100193373485,0.6662909880952381
SVM,"{'kernel': 'sigmoid', 'C': 0.1, 'gamma': 'scale', 'degree': 5, 'coef0': 0}",0.4,0.0,0.2,0.0,0.4,0.0,0.25,0.0,1.2264066256332846,0.6625424215686274
SVM,"{'kernel': 'sigmoid', 'C': 0.1, 'gamma': 'scale', 'degree': 5, 'coef0': 0.1}",0.4,0.0,0.2,0.0,0.4,0.0,0.25,0.0,1.2262752305672837,0.6625436484593837
SVM,"{'kernel': 'sigmoid', 'C': 0.1, 'gamma': 'scale', 'degree': 5, 'coef0': 1}",0.4,0.0,0.2,0.0,0.4,0.0,0.25,0.0,1.2233100193373485,0.6662909880952381
SVM,"{'kernel': 'sigmoid', 'C': 0.1, 'gamma': 'auto', 'degree': 3, 'coef0': 0}",0.3,0.0,0.09,0.0,0.3,0.0,0.13846153846153847,0.0,1.0338862994918638,0.8607087065826331
SVM,"{'kernel': 'sigmoid', 'C': 0.1, 'gamma': 'auto', 'degree': 3, 'coef0': 0.1}",0.3,0.0,0.09,0.0,0.3,0.0,0.13846153846153847,0.0,1.0790270034936333,0.8467986582633052
SVM,"{'kernel': 'sigmoid', 'C': 0.1, 'gamma': 'auto', 'degree': 3, 'coef0': 1}",0.3,0.0,0.09,0.0,0.3,0.0,0.13846153846153847,0.0,1.1760739639005746,0.7780009432773108
SVM,"{'kernel': 'sigmoid', 'C': 0.1, 'gamma': 'auto', 'degree': 4, 'coef0': 0}",0.3,0.0,0.09,0.0,0.3,0.0,0.13846153846153847,0.0,1.0338862994918638,0.8607087065826331
SVM,"{'kernel': 'sigmoid', 'C': 0.1, 'gamma': 'auto', 'degree': 4, 'coef0': 0.1}",0.3,0.0,0.09,0.0,0.3,0.0,0.13846153846153847,0.0,1.0790270034936333,0.8467986582633052
SVM,"{'kernel': 'sigmoid', 'C': 0.1, 'gamma': 'auto', 'degree': 4, 'coef0': 1}",0.3,0.0,0.09,0.0,0.3,0.0,0.13846153846153847,0.0,1.1760739639005746,0.7780009432773108
SVM,"{'kernel': 'sigmoid', 'C': 0.1, 'gamma': 'auto', 'degree': 5, 'coef0': 0}",0.3,0.0,0.09,0.0,0.3,0.0,0.13846153846153847,0.0,1.0338862994918638,0.8607087065826331
SVM,"{'kernel': 'sigmoid', 'C': 0.1, 'gamma': 'auto', 'degree': 5, 'coef0': 0.1}",0.3,0.0,0.09,0.0,0.3,0.0,0.13846153846153847,0.0,1.0790270034936333,0.8467986582633052
SVM,"{'kernel': 'sigmoid', 'C': 0.1, 'gamma': 'auto', 'degree': 5, 'coef0': 1}",0.3,0.0,0.09,0.0,0.3,0.0,0.13846153846153847,0.0,1.1760739639005746,0.7780009432773108
SVM,"{'kernel': 'sigmoid', 'C': 1, 'gamma': 'scale', 'degree': 3, 'coef0': 0}",0.36100000000000004,0.018000000000000006,0.30204373097249626,0.03258264766677906,0.36100000000000004,0.018000000000000006,0.3077359541559966,0.015437200796975348,1.2273605751648986,0.6624888417366946
SVM,"{'kernel': 'sigmoid', 'C': 1, 'gamma': 'scale', 'degree': 3, 'coef0': 0.1}",0.36,0.01816590212458494,0.303442099637845,0.03921131831531411,0.36,0.01816590212458494,0.3079333308890389,0.018897295929168768,1.2272721007399094,0.6624419138655462
SVM,"{'kernel': 'sigmoid', 'C': 1, 'gamma': 'scale', 'degree': 3, 'coef0': 1}",0.38,0.024899799195977467,0.3019231281602904,0.02406136841601674,0.38,0.024899799195977467,0.30907564997111103,0.031007076234686046,1.2263878520478366,0.6651607591036414
SVM,"{'kernel': 'sigmoid', 'C': 1, 'gamma': 'scale', 'degree': 4, 'coef0': 0}",0.36100000000000004,0.018000000000000006,0.30204373097249626,0.03258264766677906,0.36100000000000004,0.018000000000000006,0.3077359541559966,0.015437200796975348,1.2273605751648986,0.6624888417366946
SVM,"{'kernel': 'sigmoid', 'C': 1, 'gamma': 'scale', 'degree': 4, 'coef0': 0.1}",0.36,0.01816590212458494,0.303442099637845,0.03921131831531411,0.36,0.01816590212458494,0.3079333308890389,0.018897295929168768,1.2272721007399094,0.6624419138655462
SVM,"{'kernel': 'sigmoid', 'C': 1, 'gamma': 'scale', 'degree': 4, 'coef0': 1}",0.38,0.024899799195977467,0.3019231281602904,0.02406136841601674,0.38,0.024899799195977467,0.30907564997111103,0.031007076234686046,1.2263878520478366,0.6651607591036414
SVM,"{'kernel': 'sigmoid', 'C': 1, 'gamma': 'scale', 'degree': 5, 'coef0': 0}",0.36100000000000004,0.018000000000000006,0.30204373097249626,0.03258264766677906,0.36100000000000004,0.018000000000000006,0.3077359541559966,0.015437200796975348,1.2273605751648986,0.6624888417366946
SVM,"{'kernel': 'sigmoid', 'C': 1, 'gamma': 'scale', 'degree': 5, 'coef0': 0.1}",0.36,0.01816590212458494,0.303442099637845,0.03921131831531411,0.36,0.01816590212458494,0.3079333308890389,0.018897295929168768,1.2272721007399094,0.6624419138655462
SVM,"{'kernel': 'sigmoid', 'C': 1, 'gamma': 'scale', 'degree': 5, 'coef0': 1}",0.38,0.024899799195977467,0.3019231281602904,0.02406136841601674,0.38,0.024899799195977467,0.30907564997111103,0.031007076234686046,1.2263878520478366,0.6651607591036414
SVM,"{'kernel': 'sigmoid', 'C': 1, 'gamma': 'auto', 'degree': 3, 'coef0': 0}",0.4,0.0,0.2,0.0,0.4,0.0,0.25,0.0,1.0423650901517196,0.8518035679271708
SVM,"{'kernel': 'sigmoid', 'C': 1, 'gamma': 'auto', 'degree': 3, 'coef0': 0.1}",0.4,0.0,0.2,0.0,0.4,0.0,0.25,0.0,1.0852683475854739,0.8321999789915967
SVM,"{'kernel': 'sigmoid', 'C': 1, 'gamma': 'auto', 'degree': 3, 'coef0': 1}",0.4,0.0,0.2,0.0,0.4,0.0,0.25,0.0,1.1765786730109133,0.7777517892156862
SVM,"{'kernel': 'sigmoid', 'C': 1, 'gamma': 'auto', 'degree': 4, 'coef0': 0}",0.4,0.0,0.2,0.0,0.4,0.0,0.25,0.0,1.0423650901517196,0.8518035679271708
SVM,"{'kernel': 'sigmoid', 'C': 1, 'gamma': 'auto', 'degree': 4, 'coef0': 0.1}",0.4,0.0,0.2,0.0,0.4,0.0,0.25,0.0,1.0852683475854739,0.8321999789915967
SVM,"{'kernel': 'sigmoid', 'C': 1, 'gamma': 'auto', 'degree': 4, 'coef0': 1}",0.4,0.0,0.2,0.0,0.4,0.0,0.25,0.0,1.1765786730109133,0.7777517892156862
SVM,"{'kernel': 'sigmoid', 'C': 1, 'gamma': 'auto', 'degree': 5, 'coef0': 0}",0.4,0.0,0.2,0.0,0.4,0.0,0.25,0.0,1.0423650901517196,0.8518035679271708
SVM,"{'kernel': 'sigmoid', 'C': 1, 'gamma': 'auto', 'degree': 5, 'coef0': 0.1}",0.4,0.0,0.2,0.0,0.4,0.0,0.25,0.0,1.0852683475854739,0.8321999789915967
SVM,"{'kernel': 'sigmoid', 'C': 1, 'gamma': 'auto', 'degree': 5, 'coef0': 1}",0.4,0.0,0.2,0.0,0.4,0.0,0.25,0.0,1.1765786730109133,0.7777517892156862
SVM,"{'kernel': 'sigmoid', 'C': 10, 'gamma': 'scale', 'degree': 3, 'coef0': 0}",0.362,0.01363818169698587,0.30685287701970504,0.03188563358570595,0.362,0.01363818169698587,0.3063887994615617,0.012466137821932814,1.2268107091247775,0.6627575574229692
SVM,"{'kernel': 'sigmoid', 'C': 10, 'gamma': 'scale', 'degree': 3, 'coef0': 0.1}",0.36099999999999993,0.014966629547095763,0.3078494965419144,0.03280649878533007,0.36099999999999993,0.014966629547095763,0.3055925956211753,0.012975964207935783,1.2267097875885296,0.6624764642857143
SVM,"{'kernel': 'sigmoid', 'C': 10, 'gamma': 'scale', 'degree': 3, 'coef0': 1}",0.354,0.014966629547095755,0.3056056432368373,0.036836620362560434,0.354,0.014966629547095755,0.3009405826937478,0.02167445184162324,1.2263791855201176,0.6588641771708683
SVM,"{'kernel': 'sigmoid', 'C': 10, 'gamma': 'scale', 'degree': 4, 'coef0': 0}",0.362,0.01363818169698587,0.30685287701970504,0.03188563358570595,0.362,0.01363818169698587,0.3063887994615617,0.012466137821932814,1.2268107091247775,0.6627575574229692
SVM,"{'kernel': 'sigmoid', 'C': 10, 'gamma': 'scale', 'degree': 4, 'coef0': 0.1}",0.36099999999999993,0.014966629547095763,0.3078494965419144,0.03280649878533007,0.36099999999999993,0.014966629547095763,0.3055925956211753,0.012975964207935783,1.2267097875885296,0.6624764642857143
SVM,"{'kernel': 'sigmoid', 'C': 10, 'gamma': 'scale', 'degree': 4, 'coef0': 1}",0.354,0.014966629547095755,0.3056056432368373,0.036836620362560434,0.354,0.014966629547095755,0.3009405826937478,0.02167445184162324,1.2263791855201176,0.6588641771708683
SVM,"{'kernel': 'sigmoid', 'C': 10, 'gamma': 'scale', 'degree': 5, 'coef0': 0}",0.362,0.01363818169698587,0.30685287701970504,0.03188563358570595,0.362,0.01363818169698587,0.3063887994615617,0.012466137821932814,1.2268107091247775,0.6627575574229692
SVM,"{'kernel': 'sigmoid', 'C': 10, 'gamma': 'scale', 'degree': 5, 'coef0': 0.1}",0.36099999999999993,0.014966629547095763,0.3078494965419144,0.03280649878533007,0.36099999999999993,0.014966629547095763,0.3055925956211753,0.012975964207935783,1.2267097875885296,0.6624764642857143
SVM,"{'kernel': 'sigmoid', 'C': 10, 'gamma': 'scale', 'degree': 5, 'coef0': 1}",0.354,0.014966629547095755,0.3056056432368373,0.036836620362560434,0.354,0.014966629547095755,0.3009405826937478,0.02167445184162324,1.2263791855201176,0.6588641771708683
SVM,"{'kernel': 'sigmoid', 'C': 10, 'gamma': 'auto', 'degree': 3, 'coef0': 0}",0.453,0.022045407685048615,0.45631590835742875,0.1327491314639814,0.453,0.022045407685048615,0.3496142429840432,0.03478976535883568,1.0407960452098626,0.8516280791316527
SVM,"{'kernel': 'sigmoid', 'C': 10, 'gamma': 'auto', 'degree': 3, 'coef0': 0.1}",0.45500000000000007,0.023874672772626653,0.36570918109255873,0.07036147831010726,0.45500000000000007,0.023874672772626653,0.3597900289637751,0.03759596382739102,1.0796330628950157,0.8390667661064427
SVM,"{'kernel': 'sigmoid', 'C': 10, 'gamma': 'auto', 'degree': 3, 'coef0': 1}",0.4,0.0,0.2,0.0,0.4,0.0,0.25,0.0,1.1757450073395213,0.7799246484593838
SVM,"{'kernel': 'sigmoid', 'C': 10, 'gamma': 'auto', 'degree': 4, 'coef0': 0}",0.453,0.022045407685048615,0.45631590835742875,0.1327491314639814,0.453,0.022045407685048615,0.3496142429840432,0.03478976535883568,1.0407960452098626,0.8516280791316527
SVM,"{'kernel': 'sigmoid', 'C': 10, 'gamma': 'auto', 'degree': 4, 'coef0': 0.1}",0.45500000000000007,0.023874672772626653,0.36570918109255873,0.07036147831010726,0.45500000000000007,0.023874672772626653,0.3597900289637751,0.03759596382739102,1.0796330628950157,0.8390667661064427
SVM,"{'kernel': 'sigmoid', 'C': 10, 'gamma': 'auto', 'degree': 4, 'coef0': 1}",0.4,0.0,0.2,0.0,0.4,0.0,0.25,0.0,1.1757450073395213,0.7799246484593838
SVM,"{'kernel': 'sigmoid', 'C': 10, 'gamma': 'auto', 'degree': 5, 'coef0': 0}",0.453,0.022045407685048615,0.45631590835742875,0.1327491314639814,0.453,0.022045407685048615,0.3496142429840432,0.03478976535883568,1.0407960452098626,0.8516280791316527
SVM,"{'kernel': 'sigmoid', 'C': 10, 'gamma': 'auto', 'degree': 5, 'coef0': 0.1}",0.45500000000000007,0.023874672772626653,0.36570918109255873,0.07036147831010726,0.45500000000000007,0.023874672772626653,0.3597900289637751,0.03759596382739102,1.0796330628950157,0.8390667661064427
SVM,"{'kernel': 'sigmoid', 'C': 10, 'gamma': 'auto', 'degree': 5, 'coef0': 1}",0.4,0.0,0.2,0.0,0.4,0.0,0.25,0.0,1.1757450073395213,0.7799246484593838
NaiveBayes,{'var_smoothing': 1e-09},0.4149999999999999,0.03492849839314597,0.43986456978106603,0.04936681568466868,0.4149999999999999,0.03492849839314597,0.39531304376806836,0.037854878883428006,6.5708289840366785,0.7224090721288515
NaiveBayes,{'var_smoothing': 1e-08},0.4149999999999999,0.03492849839314597,0.43986456978106603,0.04936681568466868,0.4149999999999999,0.03492849839314597,0.39531304376806836,0.037854878883428006,6.5708289840366785,0.7224090721288515
NaiveBayes,{'var_smoothing': 1e-07},0.4149999999999999,0.03492849839314597,0.43986456978106603,0.04936681568466868,0.4149999999999999,0.03492849839314597,0.39531304376806836,0.037854878883428006,6.5708289840366785,0.7224090721288515
KNN,"{'n_neighbors': 3, 'weights': 'uniform', 'metric': 'euclidean'}",0.489,0.028530685235374213,0.5110602618229929,0.04148948271438645,0.489,0.028530685235374213,0.47713786704474714,0.026239471538893118,8.428642657196287,0.751370743697479
KNN,"{'n_neighbors': 3, 'weights': 'uniform', 'metric': 'manhattan'}",0.476,0.031527765540868904,0.48714123581515445,0.03671794443657629,0.476,0.031527765540868904,0.46037282402277035,0.029197898305376578,9.020903045401315,0.7446186502100842
KNN,"{'n_neighbors': 3, 'weights': 'uniform', 'metric': 'minkowski'}",0.489,0.028530685235374213,0.5110602618229929,0.04148948271438645,0.489,0.028530685235374213,0.47713786704474714,0.026239471538893118,8.428642657196287,0.751370743697479
KNN,"{'n_neighbors': 3, 'weights': 'distance', 'metric': 'euclidean'}",0.4640000000000001,0.03498571136907181,0.4651334552942368,0.03402496843289223,0.4640000000000001,0.03498571136907181,0.46191006424328745,0.03402749607404789,8.42860176949261,0.753020637955182
KNN,"{'n_neighbors': 3, 'weights': 'distance', 'metric': 'manhattan'}",0.46299999999999997,0.03982461550347975,0.46247897721392583,0.04085556240345585,0.46299999999999997,0.03982461550347975,0.4604936382842356,0.04023583688187278,9.020221681751911,0.7503797289915968
KNN,"{'n_neighbors': 3, 'weights': 'distance', 'metric': 'minkowski'}",0.4640000000000001,0.03498571136907181,0.4651334552942368,0.03402496843289223,0.4640000000000001,0.03498571136907181,0.46191006424328745,0.03402749607404789,8.42860176949261,0.753020637955182
KNN,"{'n_neighbors': 5, 'weights': 'uniform', 'metric': 'euclidean'}",0.496,0.024979991993593596,0.5002096068942603,0.03684586719640673,0.496,0.024979991993593596,0.48115863919574464,0.02904221519106686,4.361856720903546,0.7790872937675071
KNN,"{'n_neighbors': 5, 'weights': 'uniform', 'metric': 'manhattan'}",0.48599999999999993,0.02690724809414742,0.4887566276714216,0.028509130736625272,0.48599999999999993,0.02690724809414742,0.47258531510029284,0.0216133627338266,4.910112095283895,0.7628291323529411
KNN,"{'n_neighbors': 5, 'weights': 'uniform', 'metric': 'minkowski'}",0.496,0.024979991993593596,0.5002096068942603,0.03684586719640673,0.496,0.024979991993593596,0.48115863919574464,0.02904221519106686,4.361856720903546,0.7790872937675071
KNN,"{'n_neighbors': 5, 'weights': 'distance', 'metric': 'euclidean'}",0.501,0.020346989949375824,0.5043942326955039,0.02134995074967411,0.501,0.020346989949375824,0.49922104064284134,0.019777022581134587,4.361518106748873,0.7820435731792716
KNN,"{'n_neighbors': 5, 'weights': 'distance', 'metric': 'manhattan'}",0.48,0.030166206257996712,0.4779223558026951,0.029138522642748417,0.48,0.030166206257996712,0.4758393144760234,0.028896468339386812,4.909127273708124,0.7686847359943977
KNN,"{'n_neighbors': 5, 'weights': 'distance', 'metric': 'minkowski'}",0.501,0.020346989949375824,0.5043942326955039,0.02134995074967411,0.501,0.020346989949375824,0.49922104064284134,0.019777022581134587,4.361518106748873,0.7820435731792716
KNN,"{'n_neighbors': 7, 'weights': 'uniform', 'metric': 'euclidean'}",0.517,0.026944387170614984,0.5277457812108965,0.03797967899586365,0.517,0.026944387170614984,0.5056619021096118,0.02817943427265624,2.8261924483961547,0.7890361862745099
KNN,"{'n_neighbors': 7, 'weights': 'uniform', 'metric': 'manhattan'}",0.488,0.02420743687382042,0.4959258297158839,0.02759640520272202,0.488,0.02420743687382042,0.47608325374917104,0.023108120779311077,2.837061916760559,0.770066350840336
KNN,"{'n_neighbors': 7, 'weights': 'uniform', 'metric': 'minkowski'}",0.517,0.026944387170614984,0.5277457812108965,0.03797967899586365,0.517,0.026944387170614984,0.5056619021096118,0.02817943427265624,2.8261924483961547,0.7890361862745099
KNN,"{'n_neighbors': 7, 'weights': 'distance', 'metric': 'euclidean'}",0.5069999999999999,0.0396988664825584,0.5078473775815124,0.041436447054327766,0.5069999999999999,0.0396988664825584,0.5037283727252129,0.03866701010622136,2.825359405880719,0.7942261285014005
KNN,"{'n_neighbors': 7, 'weights': 'distance', 'metric': 'manhattan'}",0.49000000000000005,0.027748873851023224,0.48900743423099946,0.02775823169496016,0.49000000000000005,0.027748873851023224,0.4860249157080826,0.026994607288529395,2.835644236319707,0.7775937657563026
KNN,"{'n_neighbors': 7, 'weights': 'distance', 'metric': 'minkowski'}",0.5069999999999999,0.0396988664825584,0.5078473775815124,0.041436447054327766,0.5069999999999999,0.0396988664825584,0.5037283727252129,0.03866701010622136,2.825359405880719,0.7942261285014005
KNN,"{'n_neighbors': 10, 'weights': 'uniform', 'metric': 'euclidean'}",0.501,0.01907878402833893,0.517703295809251,0.029989240686550494,0.501,0.01907878402833893,0.4914330504985358,0.01651000188348103,1.8733770043820421,0.7919934779411765
KNN,"{'n_neighbors': 10, 'weights': 'uniform', 'metric': 'manhattan'}",0.493,0.023579652245103198,0.506901370412268,0.03069875174392913,0.493,0.023579652245103198,0.4821303170629164,0.02702193869259791,1.7249635162177175,0.7824867261904761
KNN,"{'n_neighbors': 10, 'weights': 'uniform', 'metric': 'minkowski'}",0.501,0.01907878402833893,0.517703295809251,0.029989240686550494,0.501,0.01907878402833893,0.4914330504985358,0.01651000188348103,1.8733770043820421,0.7919934779411765
KNN,"{'n_neighbors': 10, 'weights': 'distance', 'metric': 'euclidean'}",0.517,0.02925747767665561,0.5248102907346606,0.03336268750705525,0.517,0.02925747767665561,0.5154662928997508,0.028201532421713704,1.8721153367275136,0.7986965395658263
KNN,"{'n_neighbors': 10, 'weights': 'distance', 'metric': 'manhattan'}",0.499,0.026153393661244063,0.5065514795015452,0.027706832807688698,0.499,0.026153393661244063,0.4955618804682943,0.026914520261107,1.723482477231352,0.7889571460084035
KNN,"{'n_neighbors': 10, 'weights': 'distance', 'metric': 'minkowski'}",0.517,0.02925747767665561,0.5248102907346606,0.03336268750705525,0.517,0.02925747767665561,0.5154662928997508,0.028201532421713704,1.8721153367275136,0.7986965395658263
Bagging,"{'n_estimators': 10, 'max_samples': 0.5, 'max_features': 0.5}",0.461,0.018547236990991405,0.4562149239612059,0.027334240034752665,0.461,0.018547236990991405,0.4486092440639263,0.02128269326737436,2.4277707974563425,0.7463206929271708
Bagging,"{'n_estimators': 10, 'max_samples': 0.5, 'max_features': 0.8}",0.45299999999999996,0.026944387170614963,0.44457252506079437,0.035006915638143093,0.45299999999999996,0.026944387170614963,0.4379464661870582,0.03029676399626466,2.457686740683857,0.7591329670868348
Bagging,"{'n_estimators': 10, 'max_samples': 0.5, 'max_features': 1.0}",0.489,0.02477902338672774,0.48278899211999143,0.025606030794326964,0.489,0.02477902338672774,0.4749252882389429,0.021687789689345455,2.6139500268677445,0.761371793417367
Bagging,"{'n_estimators': 10, 'max_samples': 0.8, 'max_features': 0.5}",0.44399999999999995,0.022226110770892888,0.43387211159828726,0.026869362107946368,0.44399999999999995,0.022226110770892888,0.4278601348291932,0.02389299127123487,2.6755125063246346,0.7374411148459384
Bagging,"{'n_estimators': 10, 'max_samples': 0.8, 'max_features': 0.8}",0.453,0.018601075237738282,0.44418868780776394,0.023922346874943348,0.453,0.018601075237738282,0.4394649248831505,0.021172026867568323,2.522236245801701,0.7596887678571428
Bagging,"{'n_estimators': 10, 'max_samples': 0.8, 'max_features': 1.0}",0.45600000000000007,0.018275666882497058,0.44964234631585365,0.01758269514990234,0.45600000000000007,0.018275666882497058,0.445698434740859,0.015033121659508727,2.6993713179705243,0.7558248137254902
Bagging,"{'n_estimators': 10, 'max_samples': 1.0, 'max_features': 0.5}",0.475,0.033615472627943226,0.47535407238598976,0.0427242953339971,0.475,0.033615472627943226,0.46344770792057444,0.041632938707576846,2.6799102477539356,0.754387494047619
Bagging,"{'n_estimators': 10, 'max_samples': 1.0, 'max_features': 0.8}",0.47000000000000003,0.028106938645110397,0.462061110492459,0.031475091260507584,0.47000000000000003,0.028106938645110397,0.45286733917550404,0.023685036082217448,2.4129554572603675,0.7613190843837535
Bagging,"{'n_estimators': 10, 'max_samples': 1.0, 'max_features': 1.0}",0.49000000000000005,0.03949683531626301,0.4803967664334398,0.0487343877250198,0.49000000000000005,0.03949683531626301,0.4734936390594739,0.04386283048035676,2.9546390988247575,0.7582368011204482
Bagging,"{'n_estimators': 50, 'max_samples': 0.5, 'max_features': 0.5}",0.504,0.026532998322843223,0.5023256744992307,0.04187194755884753,0.504,0.026532998322843223,0.4804402701070705,0.035023437013546696,1.0889438363373756,0.7845574961484594
Bagging,"{'n_estimators': 50, 'max_samples': 0.5, 'max_features': 0.8}",0.49400000000000005,0.024372115213907884,0.48679110326298697,0.03464460321259258,0.49400000000000005,0.024372115213907884,0.46931442309114135,0.023868284708696577,1.0856641984094193,0.7813265609243698
Bagging,"{'n_estimators': 50, 'max_samples': 0.5, 'max_features': 1.0}",0.502,0.018055470085267804,0.5108750595876096,0.019632047393514915,0.502,0.018055470085267804,0.4828528140467213,0.025887023373567984,1.114434459115076,0.7856982755602241
Bagging,"{'n_estimators': 50, 'max_samples': 0.8, 'max_features': 0.5}",0.5,0.023021728866442697,0.5019263805107798,0.02640837052114849,0.5,0.023021728866442697,0.47693962382574473,0.021206571001539186,1.0747956280845874,0.789870955882353
Bagging,"{'n_estimators': 50, 'max_samples': 0.8, 'max_features': 0.8}",0.505,0.013038404810405309,0.5078541929311252,0.022099048743576235,0.505,0.013038404810405309,0.4847404548215078,0.021626591164853437,1.0718430230831935,0.7915084418767507
Bagging,"{'n_estimators': 50, 'max_samples': 0.8, 'max_features': 1.0}",0.4720000000000001,0.04884669896727925,0.46944459164093966,0.06491431224424607,0.4720000000000001,0.04884669896727925,0.45317603944982066,0.05536277243183222,1.1451890301225862,0.7838738172268908
Bagging,"{'n_estimators': 50, 'max_samples': 1.0, 'max_features': 0.5}",0.511,0.03967366884975477,0.5166755843027664,0.052177809387015515,0.511,0.03967366884975477,0.4888548523874713,0.04143926067367459,1.0812705291113,0.788107369047619
Bagging,"{'n_estimators': 50, 'max_samples': 1.0, 'max_features': 0.8}",0.5,0.0216794833886788,0.4953789818085964,0.01864546842590155,0.5,0.0216794833886788,0.47751111923346273,0.022735773725038256,1.144706692740627,0.7847870343137255
Bagging,"{'n_estimators': 50, 'max_samples': 1.0, 'max_features': 1.0}",0.49000000000000005,0.021213203435596444,0.49111443086530393,0.03260896578095065,0.49000000000000005,0.021213203435596444,0.47132480890099365,0.02617647579493149,1.2802502474579724,0.7845965164565827
Bagging,"{'n_estimators': 100, 'max_samples': 0.5, 'max_features': 0.5}",0.5090000000000001,0.023958297101421902,0.49970840013907436,0.02478141593683923,0.5090000000000001,0.023958297101421902,0.4759042853622867,0.031240916190919538,1.0791725561649055,0.7920586635154063
Bagging,"{'n_estimators': 100, 'max_samples': 0.5, 'max_features': 0.8}",0.51,0.02167948338867882,0.5061662070438541,0.027714293080133526,0.51,0.02167948338867882,0.47765468690736146,0.025108410028289122,1.0666977137414457,0.7937091516106444
Bagging,"{'n_estimators': 100, 'max_samples': 0.5, 'max_features': 1.0}",0.501,0.01685229954635273,0.5069067586703315,0.0364915831084782,0.501,0.01685229954635273,0.4722500633497175,0.01926998816234905,1.0701270958029272,0.7911774656862745
Bagging,"{'n_estimators': 100, 'max_samples': 0.8, 'max_features': 0.5}",0.5029999999999999,0.021587033144922923,0.5123131154420939,0.01599114828466298,0.5029999999999999,0.021587033144922923,0.4766789965653012,0.02654897691817434,1.0735603424636428,0.7898651235994398
Bagging,"{'n_estimators': 100, 'max_samples': 0.8, 'max_features': 0.8}",0.526,0.030232432915661935,0.5372410226567617,0.029096997513429795,0.526,0.030232432915661935,0.5047254640929565,0.039538082271662583,1.0642479641208482,0.7978791211484595
Bagging,"{'n_estimators': 100, 'max_samples': 0.8, 'max_features': 1.0}",0.493,0.02481934729198172,0.49422180677589783,0.034828144143209304,0.493,0.02481934729198172,0.47119669019607324,0.03078567412645077,1.0723003833885305,0.7918754103641457
Bagging,"{'n_estimators': 100, 'max_samples': 1.0, 'max_features': 0.5}",0.503,0.026000000000000023,0.5052701785304266,0.03232008979323874,0.503,0.026000000000000023,0.4795353298749248,0.03327912236436165,1.0690913504179478,0.7937307839635854
Bagging,"{'n_estimators': 100, 'max_samples': 1.0, 'max_features': 0.8}",0.49799999999999994,0.012884098726725137,0.4896107453131016,0.02287849543308424,0.49799999999999994,0.012884098726725137,0.471654516527037,0.022211073121429573,1.0955404269155893,0.7948147864145658
Bagging,"{'n_estimators': 100, 'max_samples': 1.0, 'max_features': 1.0}",0.505,0.019748417658131515,0.5160898036242699,0.034983934722627306,0.505,0.019748417658131515,0.4871102249411714,0.023470427478330398,1.1355073378000864,0.7955434649859944
AdaBoost,"{'n_estimators': 50, 'learning_rate': 0.01}",0.4,0.0,0.2,0.0,0.4,0.0,0.25,0.0,1.5558284723810618,0.6506472408963585
AdaBoost,"{'n_estimators': 50, 'learning_rate': 0.1}",0.39299999999999996,0.018330302779823362,0.23921909549633336,0.03348886604744695,0.39299999999999996,0.018330302779823362,0.2832891539231231,0.02889562044171618,1.5653533360307452,0.7289698907563025
AdaBoost,"{'n_estimators': 50, 'learning_rate': 1.0}",0.43100000000000005,0.022226110770892874,0.4280701836110311,0.02561028951762772,0.43100000000000005,0.022226110770892874,0.41807663151100954,0.01848986097283916,1.5843366564341737,0.7598007748599439
AdaBoost,"{'n_estimators': 100, 'learning_rate': 0.01}",0.4,0.0,0.2,0.0,0.4,0.0,0.25,0.0,1.557295786259059,0.6511472408963586
AdaBoost,"{'n_estimators': 100, 'learning_rate': 0.1}",0.462,0.023790754506740636,0.3743729409404659,0.029071670494465074,0.462,0.023790754506740636,0.3777744104557179,0.024979086679613918,1.5690982380814877,0.7450286407563025
AdaBoost,"{'n_estimators': 100, 'learning_rate': 1.0}",0.4600000000000001,0.0439317652729776,0.46425960746839934,0.04278460051233871,0.4600000000000001,0.0439317652729776,0.44925203564744026,0.044180131750734,1.5866900782055395,0.7701471845238095
AdaBoost,"{'n_estimators': 200, 'learning_rate': 0.01}",0.4,0.0,0.2,0.0,0.4,0.0,0.25,0.0,1.5607497819614857,0.6929216158963586
AdaBoost,"{'n_estimators': 200, 'learning_rate': 0.1}",0.47300000000000003,0.031717503054307414,0.4092797401409425,0.05292381357449798,0.47300000000000003,0.031717503054307414,0.4026370067180821,0.020959918240786368,1.5761073532959946,0.7550911144957982
AdaBoost,"{'n_estimators': 200, 'learning_rate': 1.0}",0.44299999999999995,0.042261093218230884,0.452314197584273,0.046930691437098916,0.44299999999999995,0.042261093218230884,0.441161829958926,0.044970990900852784,1.5885064279817822,0.7800464285714286
